-- phpMyAdmin SQL Dump
-- version 5.2.0
-- https://www.phpmyadmin.net/
--
-- Host: 127.0.0.1
-- Generation Time: May 16, 2023 at 05:45 PM
-- Server version: 10.4.24-MariaDB
-- PHP Version: 8.1.6

SET SQL_MODE = "NO_AUTO_VALUE_ON_ZERO";
START TRANSACTION;
SET time_zone = "+00:00";


/*!40101 SET @OLD_CHARACTER_SET_CLIENT=@@CHARACTER_SET_CLIENT */;
/*!40101 SET @OLD_CHARACTER_SET_RESULTS=@@CHARACTER_SET_RESULTS */;
/*!40101 SET @OLD_COLLATION_CONNECTION=@@COLLATION_CONNECTION */;
/*!40101 SET NAMES utf8mb4 */;

--
-- Database: `db_percetakan_buku`
--

-- --------------------------------------------------------

--
-- Table structure for table `tb_admin`
--

CREATE TABLE `tb_admin` (
  `id_admin` int(11) NOT NULL,
  `username` varchar(255) NOT NULL,
  `passwd` varchar(255) NOT NULL,
  `email` varchar(255) NOT NULL
) ENGINE=InnoDB DEFAULT CHARSET=utf8mb4;

--
-- Dumping data for table `tb_admin`
--

INSERT INTO `tb_admin` (`id_admin`, `username`, `passwd`, `email`) VALUES
(1, 'dominique_schiller', 'G3ehMGIUovPDRzGh', 'nichole75@gmail.co.id'),
(2, 'beaulah.parker26', 'PIfn5GmO_bbZA4rt', 'julius_stamm5@gmail.co.id'),
(3, 'mark.wiegand', 'UPCwNMhM5dtj8n2U', 'cooper.fahey75@gmail.com'),
(4, 'harry_bechtelar', 'w_PqDLgo_uIPTvl5', 'winfield_morissette34@yahoo.com'),
(5, 'jaylon.boehm', 'TcsyoG2x8xe3DlsX', 'lesley17@yahoo.com'),
(6, 'maurice.feil', '0msz_xDI1z1O6gUZ', 'ladarius.windler@yahoo.co.id'),
(7, 'judy.sanford', 'sBHCcwoymNNQ6cN9', 'jayden82@gmail.com'),
(8, 'eddie.hauck85', '_dSQsJXPb1Z1rRBe', 'alexys_goodwin@gmail.co.id'),
(9, 'antwan41', 'bvvEN3rVacysZO78', 'selmer_walker46@yahoo.com'),
(10, 'wilfredo.keebler', 'RW5ZyZ9QUq6uWp5u', 'flossie.frami@gmail.com'),
(11, 'selmer71', '8H88NnFQ495aYbes', 'kiel9@yahoo.co.id'),
(12, 'sasha50', '14gPrZcUgTtBlY6Y', 'jules_kunde33@gmail.co.id'),
(13, 'oscar69', 'voJvC7Q8dEk7qHte', 'eulah12@gmail.co.id'),
(14, 'deanna_hettinger94', 'Wo53EXjb6i45nByC', 'lela49@yahoo.com'),
(15, 'lauryn76', 'MWvmAOuM9P2DYLZJ', 'elisa.pagac@gmail.co.id'),
(16, 'heaven_corwin', 'QwfZ8b6rD7ELuktt', 'janiya.leannon@yahoo.com'),
(17, 'lacey_bartoletti81', 'jHtmfTyLCpJ1mtkR', 'vergie15@yahoo.co.id'),
(18, 'justus_dubuque', 'w9QeAihGBB7CQzsB', 'merritt_effertz@gmail.com'),
(19, 'izabella.rogahn38', 'lcp809UiXR1uzb38', 'ryann.hahn@gmail.com'),
(20, 'keeley_rosenbaum', 'YfGahF_d3LORaUGq', 'sienna7@yahoo.com');

-- --------------------------------------------------------

--
-- Table structure for table `tb_bahan_baku`
--

CREATE TABLE `tb_bahan_baku` (
  `id_bahan_baku` int(11) NOT NULL,
  `nama_bahan_baku` varchar(255) NOT NULL,
  `stok` int(11) NOT NULL,
  `harga` int(11) NOT NULL
) ENGINE=InnoDB DEFAULT CHARSET=utf8mb4;

--
-- Dumping data for table `tb_bahan_baku`
--

INSERT INTO `tb_bahan_baku` (`id_bahan_baku`, `nama_bahan_baku`, `stok`, `harga`) VALUES
(1, 'Kertas HVS', 500, 2000),
(2, 'Art Paper', 300, 3000),
(3, 'Book Paper', 400, 2500),
(4, 'Tinta Hitam', 200, 1500),
(5, 'Tinta Cyan', 250, 2000),
(6, 'Tinta Magenta', 250, 2200),
(7, 'Tinta Kuning', 250, 1900),
(8, 'Lem Kertas', 150, 1000),
(9, 'Lem Putih', 200, 1200),
(10, 'Hard Cover', 100, 3500),
(11, 'Soft Cover', 150, 2000),
(12, 'Spiral', 200, 2500),
(13, 'Jahit', 150, 3000),
(14, 'Staples', 250, 2000),
(15, 'Kain', 100, 5000);

-- --------------------------------------------------------

--
-- Table structure for table `tb_buku`
--

CREATE TABLE `tb_buku` (
  `id_buku` int(11) NOT NULL,
  `id_produksi` int(11) NOT NULL,
  `id_kategori` int(11) NOT NULL,
  `judul` varchar(255) NOT NULL,
  `harga` int(11) NOT NULL,
  `stok` int(11) NOT NULL
) ENGINE=InnoDB DEFAULT CHARSET=utf8mb4;

--
-- Dumping data for table `tb_buku`
--

INSERT INTO `tb_buku` (`id_buku`, `id_produksi`, `id_kategori`, `judul`, `harga`, `stok`) VALUES
(1, 1, 5, 'Itaque Fugit Eveniet', 43500, 245),
(2, 2, 8, 'Dignissimos Odit Non', 35000, 220),
(3, 3, 10, 'Ratione Nesciunt Laboriosam', 47500, 105),
(4, 4, 10, 'Assumenda Explicabo Blanditiis', 45000, 190),
(5, 5, 6, 'Nesciunt Enim Vero', 37000, 290),
(6, 6, 11, 'Voluptatem Voluptatem Occaecati', 44500, 240),
(7, 7, 11, 'Eveniet Asperiores Optio', 39500, 205),
(8, 8, 11, 'Modi Nihil Laudantium', 36000, 120),
(9, 9, 4, 'Quaerat Ad Eum', 47500, 90),
(10, 10, 1, 'Delectus Maxime Nihil', 41000, 290),
(11, 11, 7, 'Quisquam Dolore Similique', 34500, 255),
(12, 12, 13, 'Vitae Magnam Deleniti', 31000, 125),
(13, 13, 9, 'Expedita Molestiae Quasi', 39500, 45),
(14, 14, 2, 'Unde Necessitatibus Magnam', 45000, 265),
(15, 15, 5, 'Temporibus Deleniti Quidem', 42500, 160),
(16, 16, 14, 'Suscipit Accusantium Commodi', 43500, 100),
(17, 17, 14, 'Omnis Beatae Incidunt', 37000, 35),
(18, 18, 8, 'Ipsa Adipisci Dolores', 40000, 115),
(19, 19, 7, 'Laudantium Nam Nostrum', 42500, 60),
(20, 20, 6, 'Aliquam Rerum Doloremque', 32500, 175),
(21, 21, 11, 'Provident Molestiae Corporis', 36000, 200),
(22, 22, 6, 'Natus Occaecati Dolorem', 30000, 160),
(23, 23, 5, 'Sapiente Veritatis Magnam', 32500, 165),
(24, 24, 14, 'Veritatis Iure Aliquam', 60000, 55),
(25, 25, 11, 'Sit Quidem Ullam', 33500, 110),
(26, 26, 10, 'Ipsum Debitis Temporibus', 30000, 145),
(27, 27, 9, 'Quidem Similique Enim', 45000, 80),
(28, 28, 12, 'Hic Quam Incidunt', 37500, 50),
(29, 29, 15, 'Illo Fugit Repudiandae', 31000, 225),
(30, 30, 8, 'Nam Officiis Asperiores', 44500, 110),
(31, 31, 6, 'Necessitatibus Sed Doloribus', 51000, 225),
(32, 32, 5, 'In Culpa Iusto', 42000, 235),
(33, 33, 14, 'Praesentium Hic Occaecati', 38500, 200),
(34, 34, 2, 'Necessitatibus Iure Harum', 36000, 70),
(35, 35, 9, 'Dolore Ex Quas', 31000, 160),
(36, 36, 9, 'Officiis Accusamus Perspiciatis', 45000, 220),
(37, 37, 4, 'Fuga Nihil Ipsam', 31000, 85),
(38, 38, 12, 'Natus Esse Commodi', 51000, 70),
(39, 39, 1, 'Consequuntur Aliquam Similique', 36000, 210),
(40, 40, 12, 'Perferendis A Quisquam', 32500, 150),
(41, 41, 15, 'Nemo Corrupti Pariatur', 47500, 95),
(42, 42, 6, 'Atque Earum Perferendis', 36000, 205),
(43, 43, 10, 'Facere Cum Perspiciatis', 32500, 180),
(44, 44, 13, 'Officia Dolorem Quibusdam', 34500, 80),
(45, 45, 2, 'Consequatur Eos Esse', 32500, 295),
(46, 46, 2, 'Delectus Exercitationem Expedita', 36000, 165),
(47, 47, 4, 'Corrupti Minima Inventore', 32500, 250),
(48, 48, 2, 'Architecto Fuga Atque', 33500, 25),
(49, 49, 12, 'Distinctio Iure Ullam', 35000, 110),
(50, 50, 7, 'Tempora Odit Ad', 27500, 70);

-- --------------------------------------------------------

--
-- Table structure for table `tb_detail_bahan_baku`
--

CREATE TABLE `tb_detail_bahan_baku` (
  `id_detail_bahan_baku` int(11) NOT NULL,
  `id_bahan_baku` int(11) NOT NULL,
  `id_produksi` int(11) NOT NULL,
  `jumlah` int(11) NOT NULL
) ENGINE=InnoDB DEFAULT CHARSET=utf8mb4;

--
-- Dumping data for table `tb_detail_bahan_baku`
--

INSERT INTO `tb_detail_bahan_baku` (`id_detail_bahan_baku`, `id_bahan_baku`, `id_produksi`, `jumlah`) VALUES
(1, 2, 1, 5),
(2, 6, 1, 5),
(3, 12, 1, 5),
(4, 3, 2, 5),
(5, 8, 2, 5),
(6, 12, 2, 5),
(7, 3, 3, 5),
(8, 10, 3, 5),
(9, 12, 3, 5),
(10, 4, 4, 5),
(11, 10, 4, 5),
(12, 13, 4, 5),
(13, 3, 5, 5),
(14, 7, 5, 5),
(15, 11, 5, 5),
(16, 2, 6, 5),
(17, 7, 6, 5),
(18, 13, 6, 5),
(19, 2, 7, 5),
(20, 7, 7, 5),
(21, 11, 7, 5),
(22, 5, 8, 5),
(23, 6, 8, 5),
(24, 11, 8, 5),
(25, 2, 9, 5),
(26, 10, 9, 5),
(27, 11, 9, 5),
(28, 3, 10, 5),
(29, 6, 10, 5),
(30, 12, 10, 5),
(31, 5, 11, 5),
(32, 7, 11, 5),
(33, 11, 11, 5),
(34, 1, 12, 5),
(35, 9, 12, 5),
(36, 14, 12, 5),
(37, 2, 13, 5),
(38, 7, 13, 5),
(39, 11, 13, 5),
(40, 5, 14, 5),
(41, 8, 14, 5),
(42, 15, 14, 5),
(43, 1, 15, 5),
(44, 10, 15, 5),
(45, 14, 15, 5),
(46, 4, 16, 5),
(47, 9, 16, 5),
(48, 15, 16, 5),
(49, 3, 17, 5),
(50, 7, 17, 5),
(51, 14, 17, 5),
(52, 4, 18, 5),
(53, 10, 18, 5),
(54, 14, 18, 5),
(55, 4, 19, 5),
(56, 8, 19, 5),
(57, 15, 19, 5),
(58, 3, 20, 5),
(59, 8, 20, 5),
(60, 11, 20, 5),
(61, 5, 21, 5),
(62, 6, 21, 5),
(63, 14, 21, 5),
(64, 1, 22, 5),
(65, 8, 22, 5),
(66, 11, 22, 5),
(67, 3, 23, 5),
(68, 8, 23, 5),
(69, 14, 23, 5),
(70, 3, 24, 5),
(71, 10, 24, 5),
(72, 15, 24, 5),
(73, 4, 25, 5),
(74, 9, 25, 5),
(75, 13, 25, 5),
(76, 5, 26, 5),
(77, 8, 26, 5),
(78, 14, 26, 5),
(79, 3, 27, 5),
(80, 10, 27, 5),
(81, 14, 27, 5),
(82, 3, 28, 5),
(83, 8, 28, 5),
(84, 13, 28, 5),
(85, 5, 29, 5),
(86, 9, 29, 5),
(87, 11, 29, 5),
(88, 2, 30, 5),
(89, 7, 30, 5),
(90, 13, 30, 5),
(91, 1, 31, 5),
(92, 6, 31, 5),
(93, 15, 31, 5),
(94, 2, 32, 5),
(95, 7, 32, 5),
(96, 12, 32, 5),
(97, 2, 33, 5),
(98, 9, 33, 5),
(99, 12, 33, 5),
(100, 1, 34, 5),
(101, 9, 34, 5),
(102, 13, 34, 5),
(103, 4, 35, 5),
(104, 9, 35, 5),
(105, 12, 35, 5),
(106, 1, 36, 5),
(107, 8, 36, 5),
(108, 15, 36, 5),
(109, 1, 37, 5),
(110, 9, 37, 5),
(111, 11, 37, 5),
(112, 2, 38, 5),
(113, 9, 38, 5),
(114, 15, 38, 5),
(115, 4, 39, 5),
(116, 6, 39, 5),
(117, 12, 39, 5),
(118, 3, 40, 5),
(119, 8, 40, 5),
(120, 14, 40, 5),
(121, 2, 41, 5),
(122, 10, 41, 5),
(123, 11, 41, 5),
(124, 2, 42, 5),
(125, 9, 42, 5),
(126, 11, 42, 5),
(127, 5, 43, 5),
(128, 8, 43, 5),
(129, 12, 43, 5),
(130, 5, 44, 5),
(131, 7, 44, 5),
(132, 11, 44, 5),
(133, 5, 45, 5),
(134, 8, 45, 5),
(135, 12, 45, 5),
(136, 5, 46, 5),
(137, 9, 46, 5),
(138, 13, 46, 5),
(139, 5, 47, 5),
(140, 8, 47, 5),
(141, 12, 47, 5),
(142, 1, 48, 5),
(143, 9, 48, 5),
(144, 12, 48, 5),
(145, 3, 49, 5),
(146, 8, 49, 5),
(147, 12, 49, 5),
(148, 4, 50, 5),
(149, 8, 50, 5),
(150, 11, 50, 5);

-- --------------------------------------------------------

--
-- Table structure for table `tb_detail_transaksi_bahan_baku`
--

CREATE TABLE `tb_detail_transaksi_bahan_baku` (
  `id_detail_transaksi_bahan_baku` int(11) NOT NULL,
  `id_transaksi_bahan_baku` int(11) NOT NULL,
  `id_bahan_baku` int(11) NOT NULL,
  `harga` int(11) NOT NULL,
  `jumlah` int(11) NOT NULL
) ENGINE=InnoDB DEFAULT CHARSET=utf8mb4;

--
-- Dumping data for table `tb_detail_transaksi_bahan_baku`
--

INSERT INTO `tb_detail_transaksi_bahan_baku` (`id_detail_transaksi_bahan_baku`, `id_transaksi_bahan_baku`, `id_bahan_baku`, `harga`, `jumlah`) VALUES
(1, 1, 12, 2400, 50),
(2, 2, 3, 2400, 50),
(3, 3, 12, 2400, 50),
(4, 4, 2, 2900, 50),
(5, 5, 8, 900, 50),
(6, 6, 7, 1800, 50),
(7, 7, 5, 1900, 50),
(8, 8, 12, 2400, 50),
(9, 9, 8, 900, 50),
(10, 10, 4, 1400, 50),
(11, 11, 11, 1900, 50),
(12, 12, 3, 2400, 50),
(13, 13, 9, 1100, 50),
(14, 14, 12, 2400, 50),
(15, 15, 15, 4900, 50),
(16, 16, 9, 1100, 50),
(17, 17, 8, 900, 50),
(18, 18, 15, 4900, 50),
(19, 19, 7, 1800, 50),
(20, 20, 6, 2100, 50),
(21, 21, 15, 4900, 50),
(22, 22, 10, 3400, 50),
(23, 23, 13, 2900, 50),
(24, 24, 15, 4900, 50),
(25, 25, 9, 1100, 50),
(26, 26, 5, 1900, 50),
(27, 27, 1, 1900, 50),
(28, 28, 4, 1400, 50),
(29, 29, 6, 2100, 50),
(30, 30, 11, 1900, 50),
(31, 31, 11, 1900, 50),
(32, 32, 2, 2900, 50),
(33, 33, 5, 1900, 50),
(34, 34, 5, 1900, 50),
(35, 35, 11, 1900, 50),
(36, 36, 9, 1100, 50),
(37, 37, 11, 1900, 50),
(38, 38, 9, 1100, 50),
(39, 39, 10, 3400, 50),
(40, 40, 3, 2400, 50),
(41, 41, 5, 1900, 50),
(42, 42, 6, 2100, 50),
(43, 43, 11, 1900, 50),
(44, 44, 11, 1900, 50),
(45, 45, 8, 900, 50),
(46, 46, 3, 2400, 50),
(47, 47, 9, 1100, 50),
(48, 48, 8, 900, 50),
(49, 49, 4, 1400, 50),
(50, 50, 11, 1900, 50);

-- --------------------------------------------------------

--
-- Table structure for table `tb_detail_transaksi_distribusi`
--

CREATE TABLE `tb_detail_transaksi_distribusi` (
  `id_detail_transaksi_distribusi` int(11) NOT NULL,
  `id_buku` int(11) NOT NULL,
  `id_transaksi_distribusi` int(11) NOT NULL,
  `jumlah` int(11) NOT NULL
) ENGINE=InnoDB DEFAULT CHARSET=utf8mb4;

--
-- Dumping data for table `tb_detail_transaksi_distribusi`
--

INSERT INTO `tb_detail_transaksi_distribusi` (`id_detail_transaksi_distribusi`, `id_buku`, `id_transaksi_distribusi`, `jumlah`) VALUES
(1, 10, 1, 30),
(2, 44, 1, 20),
(3, 33, 1, 10),
(4, 1, 2, 40),
(5, 33, 2, 30),
(6, 36, 2, 40),
(7, 2, 3, 40),
(8, 38, 3, 10),
(9, 40, 3, 20),
(10, 18, 4, 40),
(11, 47, 4, 30),
(12, 36, 4, 40),
(13, 18, 5, 20),
(14, 31, 5, 40),
(15, 27, 5, 50),
(16, 10, 6, 10),
(17, 47, 6, 20),
(18, 32, 6, 10),
(19, 3, 7, 40),
(20, 36, 7, 30),
(21, 34, 7, 40),
(22, 5, 8, 30),
(23, 30, 8, 10),
(24, 37, 8, 20),
(25, 18, 9, 20),
(26, 45, 9, 30),
(27, 43, 9, 10),
(28, 16, 10, 20),
(29, 38, 10, 40),
(30, 40, 10, 20),
(31, 11, 11, 20),
(32, 49, 11, 20),
(33, 43, 11, 10),
(34, 2, 12, 10),
(35, 43, 12, 20),
(36, 38, 12, 40),
(37, 21, 13, 10),
(38, 49, 13, 40),
(39, 48, 13, 10),
(40, 25, 14, 40),
(41, 27, 14, 20),
(42, 31, 14, 20),
(43, 16, 15, 30),
(44, 29, 15, 10),
(45, 35, 15, 10),
(46, 16, 16, 40),
(47, 49, 16, 30),
(48, 28, 16, 20),
(49, 7, 17, 30),
(50, 32, 17, 20),
(51, 25, 17, 40),
(52, 18, 18, 20),
(53, 39, 18, 10),
(54, 38, 18, 20),
(55, 25, 19, 40),
(56, 39, 19, 30),
(57, 35, 19, 50),
(58, 3, 20, 10),
(59, 25, 20, 20),
(60, 37, 20, 20),
(61, 9, 21, 10),
(62, 47, 21, 30),
(63, 25, 21, 30),
(64, 2, 22, 20),
(65, 31, 22, 20),
(66, 42, 22, 30),
(67, 22, 23, 30),
(68, 33, 23, 40),
(69, 38, 23, 10),
(70, 2, 24, 30),
(71, 26, 24, 20),
(72, 33, 24, 30),
(73, 24, 25, 40),
(74, 30, 25, 10),
(75, 40, 25, 20),
(76, 15, 26, 20),
(77, 45, 26, 40),
(78, 25, 26, 10),
(79, 21, 27, 30),
(80, 45, 27, 30),
(81, 36, 27, 40),
(82, 13, 28, 10),
(83, 38, 28, 20),
(84, 33, 28, 30),
(85, 25, 29, 30),
(86, 41, 29, 10),
(87, 31, 29, 20),
(88, 10, 30, 40),
(89, 29, 30, 50),
(90, 27, 30, 30),
(91, 25, 31, 30),
(92, 44, 31, 30),
(93, 48, 31, 10),
(94, 24, 32, 30),
(95, 37, 32, 20),
(96, 33, 32, 20),
(97, 2, 33, 10),
(98, 29, 33, 20),
(99, 40, 33, 40),
(100, 6, 34, 40),
(101, 29, 34, 50),
(102, 42, 34, 10),
(103, 4, 35, 20),
(104, 32, 35, 20),
(105, 26, 35, 30),
(106, 22, 36, 30),
(107, 45, 36, 30),
(108, 27, 36, 20),
(109, 23, 37, 40),
(110, 39, 37, 40),
(111, 35, 37, 40),
(112, 3, 38, 30),
(113, 34, 38, 20),
(114, 25, 38, 10),
(115, 10, 39, 10),
(116, 50, 39, 30),
(117, 32, 39, 40),
(118, 16, 40, 20),
(119, 35, 40, 20),
(120, 50, 40, 40),
(121, 11, 41, 40),
(122, 36, 41, 20),
(123, 34, 41, 20),
(124, 18, 42, 30),
(125, 25, 42, 20),
(126, 45, 42, 20),
(127, 23, 43, 40),
(128, 42, 43, 10),
(129, 29, 43, 40),
(130, 25, 44, 40),
(131, 33, 44, 20),
(132, 50, 44, 20),
(133, 14, 45, 20),
(134, 27, 45, 10),
(135, 50, 45, 30),
(136, 9, 46, 30),
(137, 50, 46, 10),
(138, 46, 46, 20),
(139, 2, 47, 10),
(140, 36, 47, 40),
(141, 46, 47, 10),
(142, 13, 48, 40),
(143, 47, 48, 30),
(144, 30, 48, 50),
(145, 22, 49, 40),
(146, 34, 49, 20),
(147, 41, 49, 40),
(148, 25, 50, 40),
(149, 40, 50, 10),
(150, 37, 50, 30);

-- --------------------------------------------------------

--
-- Table structure for table `tb_distributor`
--

CREATE TABLE `tb_distributor` (
  `id_distributor` int(11) NOT NULL,
  `nama_distributor` varchar(255) NOT NULL,
  `alamat` varchar(255) NOT NULL,
  `no_telp` varchar(12) NOT NULL
) ENGINE=InnoDB DEFAULT CHARSET=utf8mb4;

--
-- Dumping data for table `tb_distributor`
--

INSERT INTO `tb_distributor` (`id_distributor`, `nama_distributor`, `alamat`, `no_telp`) VALUES
(1, 'Golden Goose', 'Gg. Isabell no 6, Buol', '083353414257'),
(2, 'Responsible Binoculars', 'Jln. Jacobson no 89, Bogor', '087518961982'),
(3, 'Oily Quicksand', 'Psr. Mills no 7, Rembang', '080069171973'),
(4, 'Teeming Consul', 'Dk. Sierra no 43, Unaaha', '085361202402'),
(5, 'Lazy Hip', 'Ds. Roob no 28, Boroko', '083413054027'),
(6, 'Immaterial Man', 'Jr. Ocie no 39, Rembang', '085268969401'),
(7, 'Parallel Authentication', 'Gg. Mosciski no 1, Tabanan', '085305257372'),
(8, 'Terrible Server', 'Gg. Meagan no 79, Malang', '087212399335'),
(9, 'Heavy Watch', 'Ki. Corwin no 08, Maros', '088529896699'),
(10, 'Dirty Recording', 'Kpg. Breitenberg no 0, Blora', '085366656651'),
(11, 'Frightened Anthropology', 'Jr. Baumbach no 05, Parigi', '086696666521'),
(12, 'Tough Mangrove', 'Dk. Trantow no 06, Tahuna', '083140011916'),
(13, 'Brisk Hash', 'Dk. Litzy no 7, Sinjai', '082652752145'),
(14, 'Negative Jelly', 'Dk. Kilback no 60, Ambarawa', '086885358363'),
(15, 'Ecstatic Barbecue', 'Dk. Judge no 0, Ende', '084419123559'),
(16, 'Bland Inglenook', 'Kpg. Octavia no 85, Makale', '088847851536'),
(17, 'Green Shipper', 'Kpg. Runte no 10, Ponorogo', '082101187275'),
(18, 'Shimmering Constitution', 'Gg. Larson no 75, Bau-Bau', '089403600400'),
(19, 'Sane Footnote', 'Jr. Sebastian no 3, Slawi', '086067963427'),
(20, 'Marvelous Bacon', 'Psr. Eladio no 81, Kalabahi', '083694629457');

-- --------------------------------------------------------

--
-- Table structure for table `tb_jadwal_mesin`
--

CREATE TABLE `tb_jadwal_mesin` (
  `id_jadwal_mesin` int(11) NOT NULL,
  `id_mesin` int(11) NOT NULL,
  `tgl_produksi` date NOT NULL,
  `daftar_proses` varchar(255) NOT NULL
) ENGINE=InnoDB DEFAULT CHARSET=utf8mb4;

--
-- Dumping data for table `tb_jadwal_mesin`
--

INSERT INTO `tb_jadwal_mesin` (`id_jadwal_mesin`, `id_mesin`, `tgl_produksi`, `daftar_proses`) VALUES
(1, 1, '2023-01-01', 'Stiching'),
(2, 2, '2023-01-01', 'Foiling'),
(3, 3, '2023-01-01', 'Finishing'),
(4, 4, '2023-01-01', 'Perforating'),
(5, 5, '2023-01-01', 'Jilid'),
(6, 6, '2023-01-01', 'Laminating'),
(7, 7, '2023-01-01', 'Casing In'),
(8, 8, '2023-01-01', 'Binding'),
(9, 9, '2023-01-01', 'Scoring'),
(10, 10, '2023-01-01', 'Cetak Digital'),
(11, 11, '2023-01-01', 'Die Cutting'),
(12, 12, '2023-01-01', 'Numbering'),
(13, 13, '2023-01-01', 'Memotong Kertas'),
(14, 14, '2023-01-01', 'Packing'),
(15, 15, '2023-01-01', 'Binding Hardcover'),
(16, 16, '2023-01-01', 'Cetak Offset'),
(17, 17, '2023-01-01', 'Trimming'),
(18, 18, '2023-01-01', 'Embossing'),
(19, 19, '2023-01-01', 'Creasing'),
(20, 20, '2023-01-01', 'Folding'),
(21, 1, '2023-01-02', 'Perforating'),
(22, 2, '2023-01-02', 'Cetak Digital'),
(23, 3, '2023-01-02', 'Casing In'),
(24, 4, '2023-01-02', 'Memotong Kertas'),
(25, 5, '2023-01-02', 'Stiching'),
(26, 6, '2023-01-02', 'Trimming'),
(27, 7, '2023-01-02', 'Finishing'),
(28, 8, '2023-01-02', 'Die Cutting'),
(29, 9, '2023-01-02', 'Foiling'),
(30, 10, '2023-01-02', 'Embossing'),
(31, 11, '2023-01-02', 'Binding Hardcover'),
(32, 12, '2023-01-02', 'Creasing'),
(33, 13, '2023-01-02', 'Packing'),
(34, 14, '2023-01-02', 'Binding'),
(35, 15, '2023-01-02', 'Cetak Offset'),
(36, 16, '2023-01-02', 'Scoring'),
(37, 17, '2023-01-02', 'Folding'),
(38, 18, '2023-01-02', 'Numbering'),
(39, 19, '2023-01-02', 'Jilid'),
(40, 20, '2023-01-02', 'Laminating'),
(41, 1, '2023-01-03', 'Cetak Digital'),
(42, 2, '2023-01-03', 'Perforating'),
(43, 3, '2023-01-03', 'Binding Hardcover'),
(44, 4, '2023-01-03', 'Embossing'),
(45, 5, '2023-01-03', 'Die Cutting'),
(46, 6, '2023-01-03', 'Casing In'),
(47, 7, '2023-01-03', 'Folding'),
(48, 8, '2023-01-03', 'Binding'),
(49, 9, '2023-01-03', 'Laminating'),
(50, 10, '2023-01-03', 'Numbering'),
(51, 11, '2023-01-03', 'Foiling'),
(52, 12, '2023-01-03', 'Memotong Kertas'),
(53, 13, '2023-01-03', 'Creasing'),
(54, 14, '2023-01-03', 'Scoring'),
(55, 15, '2023-01-03', 'Cetak Offset'),
(56, 16, '2023-01-03', 'Packing'),
(57, 17, '2023-01-03', 'Jilid'),
(58, 18, '2023-01-03', 'Stiching'),
(59, 19, '2023-01-03', 'Finishing'),
(60, 20, '2023-01-03', 'Trimming'),
(61, 1, '2023-01-04', 'Binding'),
(62, 2, '2023-01-04', 'Foiling'),
(63, 3, '2023-01-04', 'Scoring'),
(64, 4, '2023-01-04', 'Folding'),
(65, 5, '2023-01-04', 'Binding Hardcover'),
(66, 6, '2023-01-04', 'Cetak Offset'),
(67, 7, '2023-01-04', 'Finishing'),
(68, 8, '2023-01-04', 'Numbering'),
(69, 9, '2023-01-04', 'Memotong Kertas'),
(70, 10, '2023-01-04', 'Creasing'),
(71, 11, '2023-01-04', 'Laminating'),
(72, 12, '2023-01-04', 'Die Cutting'),
(73, 13, '2023-01-04', 'Perforating'),
(74, 14, '2023-01-04', 'Packing'),
(75, 15, '2023-01-04', 'Stiching'),
(76, 16, '2023-01-04', 'Trimming'),
(77, 17, '2023-01-04', 'Embossing'),
(78, 18, '2023-01-04', 'Casing In'),
(79, 19, '2023-01-04', 'Cetak Digital'),
(80, 20, '2023-01-04', 'Jilid'),
(81, 1, '2023-01-05', 'Finishing'),
(82, 2, '2023-01-05', 'Stiching'),
(83, 3, '2023-01-05', 'Jilid'),
(84, 4, '2023-01-05', 'Embossing'),
(85, 5, '2023-01-05', 'Laminating'),
(86, 6, '2023-01-05', 'Binding'),
(87, 7, '2023-01-05', 'Foiling'),
(88, 8, '2023-01-05', 'Packing'),
(89, 9, '2023-01-05', 'Cetak Offset'),
(90, 10, '2023-01-05', 'Cetak Digital'),
(91, 11, '2023-01-05', 'Numbering'),
(92, 12, '2023-01-05', 'Scoring'),
(93, 13, '2023-01-05', 'Trimming'),
(94, 14, '2023-01-05', 'Perforating'),
(95, 15, '2023-01-05', 'Die Cutting'),
(96, 16, '2023-01-05', 'Folding'),
(97, 17, '2023-01-05', 'Memotong Kertas'),
(98, 18, '2023-01-05', 'Creasing'),
(99, 19, '2023-01-05', 'Binding Hardcover'),
(100, 20, '2023-01-05', 'Casing In'),
(101, 1, '2023-01-06', 'Folding'),
(102, 2, '2023-01-06', 'Laminating'),
(103, 3, '2023-01-06', 'Creasing'),
(104, 4, '2023-01-06', 'Finishing'),
(105, 5, '2023-01-06', 'Jilid'),
(106, 6, '2023-01-06', 'Cetak Digital'),
(107, 7, '2023-01-06', 'Cetak Offset'),
(108, 8, '2023-01-06', 'Die Cutting'),
(109, 9, '2023-01-06', 'Scoring'),
(110, 10, '2023-01-06', 'Binding Hardcover'),
(111, 11, '2023-01-06', 'Embossing'),
(112, 12, '2023-01-06', 'Trimming'),
(113, 13, '2023-01-06', 'Numbering'),
(114, 14, '2023-01-06', 'Perforating'),
(115, 15, '2023-01-06', 'Memotong Kertas'),
(116, 16, '2023-01-06', 'Foiling'),
(117, 17, '2023-01-06', 'Casing In'),
(118, 18, '2023-01-06', 'Binding'),
(119, 19, '2023-01-06', 'Stiching'),
(120, 20, '2023-01-06', 'Packing'),
(121, 1, '2023-01-07', 'Casing In'),
(122, 2, '2023-01-07', 'Trimming'),
(123, 3, '2023-01-07', 'Stiching'),
(124, 4, '2023-01-07', 'Binding Hardcover'),
(125, 5, '2023-01-07', 'Cetak Offset'),
(126, 6, '2023-01-07', 'Memotong Kertas'),
(127, 7, '2023-01-07', 'Numbering'),
(128, 8, '2023-01-07', 'Foiling'),
(129, 9, '2023-01-07', 'Perforating'),
(130, 10, '2023-01-07', 'Embossing'),
(131, 11, '2023-01-07', 'Scoring'),
(132, 12, '2023-01-07', 'Die Cutting'),
(133, 13, '2023-01-07', 'Creasing'),
(134, 14, '2023-01-07', 'Packing'),
(135, 15, '2023-01-07', 'Cetak Digital'),
(136, 16, '2023-01-07', 'Folding'),
(137, 17, '2023-01-07', 'Laminating'),
(138, 18, '2023-01-07', 'Jilid'),
(139, 19, '2023-01-07', 'Binding'),
(140, 20, '2023-01-07', 'Finishing'),
(141, 1, '2023-01-08', 'Trimming'),
(142, 2, '2023-01-08', 'Packing'),
(143, 3, '2023-01-08', 'Binding'),
(144, 4, '2023-01-08', 'Jilid'),
(145, 5, '2023-01-08', 'Numbering'),
(146, 6, '2023-01-08', 'Binding Hardcover'),
(147, 7, '2023-01-08', 'Perforating'),
(148, 8, '2023-01-08', 'Embossing'),
(149, 9, '2023-01-08', 'Foiling'),
(150, 10, '2023-01-08', 'Creasing'),
(151, 11, '2023-01-08', 'Scoring'),
(152, 12, '2023-01-08', 'Memotong Kertas'),
(153, 13, '2023-01-08', 'Die Cutting'),
(154, 14, '2023-01-08', 'Stiching'),
(155, 15, '2023-01-08', 'Folding'),
(156, 16, '2023-01-08', 'Finishing'),
(157, 17, '2023-01-08', 'Laminating'),
(158, 18, '2023-01-08', 'Casing In'),
(159, 19, '2023-01-08', 'Cetak Digital'),
(160, 20, '2023-01-08', 'Cetak Offset'),
(161, 1, '2023-01-09', 'Packing'),
(162, 2, '2023-01-09', 'Binding'),
(163, 3, '2023-01-09', 'Binding Hardcover'),
(164, 4, '2023-01-09', 'Numbering'),
(165, 5, '2023-01-09', 'Die Cutting'),
(166, 6, '2023-01-09', 'Trimming'),
(167, 7, '2023-01-09', 'Embossing'),
(168, 8, '2023-01-09', 'Finishing'),
(169, 9, '2023-01-09', 'Cetak Digital'),
(170, 10, '2023-01-09', 'Creasing'),
(171, 11, '2023-01-09', 'Stiching'),
(172, 12, '2023-01-09', 'Memotong Kertas'),
(173, 13, '2023-01-09', 'Scoring'),
(174, 14, '2023-01-09', 'Casing In'),
(175, 15, '2023-01-09', 'Foiling'),
(176, 16, '2023-01-09', 'Jilid'),
(177, 17, '2023-01-09', 'Folding'),
(178, 18, '2023-01-09', 'Laminating'),
(179, 19, '2023-01-09', 'Cetak Offset'),
(180, 20, '2023-01-09', 'Perforating'),
(181, 1, '2023-01-10', 'Casing In'),
(182, 2, '2023-01-10', 'Packing'),
(183, 3, '2023-01-10', 'Cetak Digital'),
(184, 4, '2023-01-10', 'Finishing'),
(185, 5, '2023-01-10', 'Perforating'),
(186, 6, '2023-01-10', 'Binding Hardcover'),
(187, 7, '2023-01-10', 'Binding'),
(188, 8, '2023-01-10', 'Stiching'),
(189, 9, '2023-01-10', 'Die Cutting'),
(190, 10, '2023-01-10', 'Memotong Kertas'),
(191, 11, '2023-01-10', 'Scoring'),
(192, 12, '2023-01-10', 'Foiling'),
(193, 13, '2023-01-10', 'Creasing'),
(194, 14, '2023-01-10', 'Embossing'),
(195, 15, '2023-01-10', 'Numbering'),
(196, 16, '2023-01-10', 'Jilid'),
(197, 17, '2023-01-10', 'Laminating'),
(198, 18, '2023-01-10', 'Cetak Offset'),
(199, 19, '2023-01-10', 'Trimming'),
(200, 20, '2023-01-10', 'Folding'),
(201, 1, '2023-01-11', 'Packing'),
(202, 2, '2023-01-11', 'Laminating'),
(203, 3, '2023-01-11', 'Binding Hardcover'),
(204, 4, '2023-01-11', 'Cetak Digital'),
(205, 5, '2023-01-11', 'Embossing'),
(206, 6, '2023-01-11', 'Perforating'),
(207, 7, '2023-01-11', 'Stiching'),
(208, 8, '2023-01-11', 'Scoring'),
(209, 9, '2023-01-11', 'Folding'),
(210, 10, '2023-01-11', 'Numbering'),
(211, 11, '2023-01-11', 'Creasing'),
(212, 12, '2023-01-11', 'Binding'),
(213, 13, '2023-01-11', 'Trimming'),
(214, 14, '2023-01-11', 'Cetak Offset'),
(215, 15, '2023-01-11', 'Memotong Kertas'),
(216, 16, '2023-01-11', 'Jilid'),
(217, 17, '2023-01-11', 'Die Cutting'),
(218, 18, '2023-01-11', 'Casing In'),
(219, 19, '2023-01-11', 'Foiling'),
(220, 20, '2023-01-11', 'Finishing'),
(221, 1, '2023-01-12', 'Perforating'),
(222, 2, '2023-01-12', 'Die Cutting'),
(223, 3, '2023-01-12', 'Jilid'),
(224, 4, '2023-01-12', 'Trimming'),
(225, 5, '2023-01-12', 'Numbering'),
(226, 6, '2023-01-12', 'Stiching'),
(227, 7, '2023-01-12', 'Foiling'),
(228, 8, '2023-01-12', 'Scoring'),
(229, 9, '2023-01-12', 'Creasing'),
(230, 10, '2023-01-12', 'Laminating'),
(231, 11, '2023-01-12', 'Packing'),
(232, 12, '2023-01-12', 'Memotong Kertas'),
(233, 13, '2023-01-12', 'Casing In'),
(234, 14, '2023-01-12', 'Binding'),
(235, 15, '2023-01-12', 'Cetak Digital'),
(236, 16, '2023-01-12', 'Folding'),
(237, 17, '2023-01-12', 'Cetak Offset'),
(238, 18, '2023-01-12', 'Binding Hardcover'),
(239, 19, '2023-01-12', 'Embossing'),
(240, 20, '2023-01-12', 'Finishing'),
(241, 1, '2023-01-13', 'Foiling'),
(242, 2, '2023-01-13', 'Creasing'),
(243, 3, '2023-01-13', 'Memotong Kertas'),
(244, 4, '2023-01-13', 'Binding Hardcover'),
(245, 5, '2023-01-13', 'Perforating'),
(246, 6, '2023-01-13', 'Laminating'),
(247, 7, '2023-01-13', 'Jilid'),
(248, 8, '2023-01-13', 'Scoring'),
(249, 9, '2023-01-13', 'Embossing'),
(250, 10, '2023-01-13', 'Numbering'),
(251, 11, '2023-01-13', 'Casing In'),
(252, 12, '2023-01-13', 'Cetak Offset'),
(253, 13, '2023-01-13', 'Die Cutting'),
(254, 14, '2023-01-13', 'Finishing'),
(255, 15, '2023-01-13', 'Binding'),
(256, 16, '2023-01-13', 'Packing'),
(257, 17, '2023-01-13', 'Cetak Digital'),
(258, 18, '2023-01-13', 'Stiching'),
(259, 19, '2023-01-13', 'Trimming'),
(260, 20, '2023-01-13', 'Folding'),
(261, 1, '2023-01-14', 'Packing'),
(262, 2, '2023-01-14', 'Embossing'),
(263, 3, '2023-01-14', 'Binding Hardcover'),
(264, 4, '2023-01-14', 'Foiling'),
(265, 5, '2023-01-14', 'Laminating'),
(266, 6, '2023-01-14', 'Jilid'),
(267, 7, '2023-01-14', 'Creasing'),
(268, 8, '2023-01-14', 'Scoring'),
(269, 9, '2023-01-14', 'Binding'),
(270, 10, '2023-01-14', 'Perforating'),
(271, 11, '2023-01-14', 'Folding'),
(272, 12, '2023-01-14', 'Memotong Kertas'),
(273, 13, '2023-01-14', 'Cetak Offset'),
(274, 14, '2023-01-14', 'Finishing'),
(275, 15, '2023-01-14', 'Trimming'),
(276, 16, '2023-01-14', 'Cetak Digital'),
(277, 17, '2023-01-14', 'Numbering'),
(278, 18, '2023-01-14', 'Casing In'),
(279, 19, '2023-01-14', 'Die Cutting'),
(280, 20, '2023-01-14', 'Stiching'),
(281, 1, '2023-01-15', 'Packing'),
(282, 2, '2023-01-15', 'Die Cutting'),
(283, 3, '2023-01-15', 'Finishing'),
(284, 4, '2023-01-15', 'Foiling'),
(285, 5, '2023-01-15', 'Memotong Kertas'),
(286, 6, '2023-01-15', 'Perforating'),
(287, 7, '2023-01-15', 'Scoring'),
(288, 8, '2023-01-15', 'Cetak Digital'),
(289, 9, '2023-01-15', 'Casing In'),
(290, 10, '2023-01-15', 'Folding'),
(291, 11, '2023-01-15', 'Stiching'),
(292, 12, '2023-01-15', 'Embossing'),
(293, 13, '2023-01-15', 'Binding Hardcover'),
(294, 14, '2023-01-15', 'Cetak Offset'),
(295, 15, '2023-01-15', 'Binding'),
(296, 16, '2023-01-15', 'Trimming'),
(297, 17, '2023-01-15', 'Jilid'),
(298, 18, '2023-01-15', 'Laminating'),
(299, 19, '2023-01-15', 'Creasing'),
(300, 20, '2023-01-15', 'Numbering'),
(301, 1, '2023-01-16', 'Jilid'),
(302, 2, '2023-01-16', 'Cetak Offset'),
(303, 3, '2023-01-16', 'Die Cutting'),
(304, 4, '2023-01-16', 'Stiching'),
(305, 5, '2023-01-16', 'Packing'),
(306, 6, '2023-01-16', 'Perforating'),
(307, 7, '2023-01-16', 'Creasing'),
(308, 8, '2023-01-16', 'Embossing'),
(309, 9, '2023-01-16', 'Numbering'),
(310, 10, '2023-01-16', 'Laminating'),
(311, 11, '2023-01-16', 'Foiling'),
(312, 12, '2023-01-16', 'Cetak Digital'),
(313, 13, '2023-01-16', 'Folding'),
(314, 14, '2023-01-16', 'Casing In'),
(315, 15, '2023-01-16', 'Binding'),
(316, 16, '2023-01-16', 'Binding Hardcover'),
(317, 17, '2023-01-16', 'Finishing'),
(318, 18, '2023-01-16', 'Trimming'),
(319, 19, '2023-01-16', 'Scoring'),
(320, 20, '2023-01-16', 'Memotong Kertas'),
(321, 1, '2023-01-17', 'Binding Hardcover'),
(322, 2, '2023-01-17', 'Binding'),
(323, 3, '2023-01-17', 'Memotong Kertas'),
(324, 4, '2023-01-17', 'Finishing'),
(325, 5, '2023-01-17', 'Scoring'),
(326, 6, '2023-01-17', 'Numbering'),
(327, 7, '2023-01-17', 'Casing In'),
(328, 8, '2023-01-17', 'Packing'),
(329, 9, '2023-01-17', 'Die Cutting'),
(330, 10, '2023-01-17', 'Trimming'),
(331, 11, '2023-01-17', 'Stiching'),
(332, 12, '2023-01-17', 'Laminating'),
(333, 13, '2023-01-17', 'Cetak Offset'),
(334, 14, '2023-01-17', 'Jilid'),
(335, 15, '2023-01-17', 'Creasing'),
(336, 16, '2023-01-17', 'Embossing'),
(337, 17, '2023-01-17', 'Folding'),
(338, 18, '2023-01-17', 'Cetak Digital'),
(339, 19, '2023-01-17', 'Foiling'),
(340, 20, '2023-01-17', 'Perforating'),
(341, 1, '2023-01-18', 'Binding'),
(342, 2, '2023-01-18', 'Foiling'),
(343, 3, '2023-01-18', 'Folding'),
(344, 4, '2023-01-18', 'Memotong Kertas'),
(345, 5, '2023-01-18', 'Laminating'),
(346, 6, '2023-01-18', 'Perforating'),
(347, 7, '2023-01-18', 'Scoring'),
(348, 8, '2023-01-18', 'Casing In'),
(349, 9, '2023-01-18', 'Binding Hardcover'),
(350, 10, '2023-01-18', 'Stiching'),
(351, 11, '2023-01-18', 'Die Cutting'),
(352, 12, '2023-01-18', 'Numbering'),
(353, 13, '2023-01-18', 'Finishing'),
(354, 14, '2023-01-18', 'Embossing'),
(355, 15, '2023-01-18', 'Cetak Offset'),
(356, 16, '2023-01-18', 'Jilid'),
(357, 17, '2023-01-18', 'Creasing'),
(358, 18, '2023-01-18', 'Packing'),
(359, 19, '2023-01-18', 'Trimming'),
(360, 20, '2023-01-18', 'Cetak Digital'),
(361, 1, '2023-01-19', 'Creasing'),
(362, 2, '2023-01-19', 'Packing'),
(363, 3, '2023-01-19', 'Stiching'),
(364, 4, '2023-01-19', 'Trimming'),
(365, 5, '2023-01-19', 'Embossing'),
(366, 6, '2023-01-19', 'Cetak Offset'),
(367, 7, '2023-01-19', 'Jilid'),
(368, 8, '2023-01-19', 'Cetak Digital'),
(369, 9, '2023-01-19', 'Foiling'),
(370, 10, '2023-01-19', 'Laminating'),
(371, 11, '2023-01-19', 'Perforating'),
(372, 12, '2023-01-19', 'Finishing'),
(373, 13, '2023-01-19', 'Binding'),
(374, 14, '2023-01-19', 'Casing In'),
(375, 15, '2023-01-19', 'Memotong Kertas'),
(376, 16, '2023-01-19', 'Scoring'),
(377, 17, '2023-01-19', 'Folding'),
(378, 18, '2023-01-19', 'Die Cutting'),
(379, 19, '2023-01-19', 'Numbering'),
(380, 20, '2023-01-19', 'Binding Hardcover'),
(381, 1, '2023-01-20', 'Casing In'),
(382, 2, '2023-01-20', 'Jilid'),
(383, 3, '2023-01-20', 'Numbering'),
(384, 4, '2023-01-20', 'Binding Hardcover'),
(385, 5, '2023-01-20', 'Binding'),
(386, 6, '2023-01-20', 'Memotong Kertas'),
(387, 7, '2023-01-20', 'Finishing'),
(388, 8, '2023-01-20', 'Creasing'),
(389, 9, '2023-01-20', 'Perforating'),
(390, 10, '2023-01-20', 'Cetak Digital'),
(391, 11, '2023-01-20', 'Packing'),
(392, 12, '2023-01-20', 'Scoring'),
(393, 13, '2023-01-20', 'Cetak Offset'),
(394, 14, '2023-01-20', 'Stiching'),
(395, 15, '2023-01-20', 'Embossing'),
(396, 16, '2023-01-20', 'Folding'),
(397, 17, '2023-01-20', 'Laminating'),
(398, 18, '2023-01-20', 'Trimming'),
(399, 19, '2023-01-20', 'Foiling'),
(400, 20, '2023-01-20', 'Die Cutting'),
(401, 1, '2023-01-21', 'Foiling'),
(402, 2, '2023-01-21', 'Die Cutting'),
(403, 3, '2023-01-21', 'Laminating'),
(404, 4, '2023-01-21', 'Folding'),
(405, 5, '2023-01-21', 'Perforating'),
(406, 6, '2023-01-21', 'Finishing'),
(407, 7, '2023-01-21', 'Cetak Digital'),
(408, 8, '2023-01-21', 'Numbering'),
(409, 9, '2023-01-21', 'Binding Hardcover'),
(410, 10, '2023-01-21', 'Casing In'),
(411, 11, '2023-01-21', 'Cetak Offset'),
(412, 12, '2023-01-21', 'Stiching'),
(413, 13, '2023-01-21', 'Scoring'),
(414, 14, '2023-01-21', 'Memotong Kertas'),
(415, 15, '2023-01-21', 'Binding'),
(416, 16, '2023-01-21', 'Packing'),
(417, 17, '2023-01-21', 'Jilid'),
(418, 18, '2023-01-21', 'Trimming'),
(419, 19, '2023-01-21', 'Creasing'),
(420, 20, '2023-01-21', 'Embossing'),
(421, 1, '2023-01-22', 'Stiching'),
(422, 2, '2023-01-22', 'Binding'),
(423, 3, '2023-01-22', 'Creasing'),
(424, 4, '2023-01-22', 'Die Cutting'),
(425, 5, '2023-01-22', 'Finishing'),
(426, 6, '2023-01-22', 'Cetak Digital'),
(427, 7, '2023-01-22', 'Packing'),
(428, 8, '2023-01-22', 'Jilid'),
(429, 9, '2023-01-22', 'Foiling'),
(430, 10, '2023-01-22', 'Folding'),
(431, 11, '2023-01-22', 'Casing In'),
(432, 12, '2023-01-22', 'Laminating'),
(433, 13, '2023-01-22', 'Memotong Kertas'),
(434, 14, '2023-01-22', 'Scoring'),
(435, 15, '2023-01-22', 'Numbering'),
(436, 16, '2023-01-22', 'Binding Hardcover'),
(437, 17, '2023-01-22', 'Perforating'),
(438, 18, '2023-01-22', 'Embossing'),
(439, 19, '2023-01-22', 'Cetak Offset'),
(440, 20, '2023-01-22', 'Trimming'),
(441, 1, '2023-01-23', 'Creasing'),
(442, 2, '2023-01-23', 'Casing In'),
(443, 3, '2023-01-23', 'Jilid'),
(444, 4, '2023-01-23', 'Binding Hardcover'),
(445, 5, '2023-01-23', 'Numbering'),
(446, 6, '2023-01-23', 'Packing'),
(447, 7, '2023-01-23', 'Folding'),
(448, 8, '2023-01-23', 'Cetak Digital'),
(449, 9, '2023-01-23', 'Scoring'),
(450, 10, '2023-01-23', 'Trimming'),
(451, 11, '2023-01-23', 'Cetak Offset'),
(452, 12, '2023-01-23', 'Laminating'),
(453, 13, '2023-01-23', 'Binding'),
(454, 14, '2023-01-23', 'Finishing'),
(455, 15, '2023-01-23', 'Foiling'),
(456, 16, '2023-01-23', 'Stiching'),
(457, 17, '2023-01-23', 'Memotong Kertas'),
(458, 18, '2023-01-23', 'Perforating'),
(459, 19, '2023-01-23', 'Die Cutting'),
(460, 20, '2023-01-23', 'Embossing'),
(461, 1, '2023-01-24', 'Numbering'),
(462, 2, '2023-01-24', 'Foiling'),
(463, 3, '2023-01-24', 'Binding Hardcover'),
(464, 4, '2023-01-24', 'Trimming'),
(465, 5, '2023-01-24', 'Laminating'),
(466, 6, '2023-01-24', 'Embossing'),
(467, 7, '2023-01-24', 'Folding'),
(468, 8, '2023-01-24', 'Stiching'),
(469, 9, '2023-01-24', 'Packing'),
(470, 10, '2023-01-24', 'Creasing'),
(471, 11, '2023-01-24', 'Memotong Kertas'),
(472, 12, '2023-01-24', 'Casing In'),
(473, 13, '2023-01-24', 'Scoring'),
(474, 14, '2023-01-24', 'Binding'),
(475, 15, '2023-01-24', 'Finishing'),
(476, 16, '2023-01-24', 'Jilid'),
(477, 17, '2023-01-24', 'Cetak Offset'),
(478, 18, '2023-01-24', 'Die Cutting'),
(479, 19, '2023-01-24', 'Perforating'),
(480, 20, '2023-01-24', 'Cetak Digital'),
(481, 1, '2023-01-25', 'Scoring'),
(482, 2, '2023-01-25', 'Laminating'),
(483, 3, '2023-01-25', 'Embossing'),
(484, 4, '2023-01-25', 'Cetak Offset'),
(485, 5, '2023-01-25', 'Jilid'),
(486, 6, '2023-01-25', 'Casing In'),
(487, 7, '2023-01-25', 'Binding Hardcover'),
(488, 8, '2023-01-25', 'Memotong Kertas'),
(489, 9, '2023-01-25', 'Trimming'),
(490, 10, '2023-01-25', 'Cetak Digital'),
(491, 11, '2023-01-25', 'Finishing'),
(492, 12, '2023-01-25', 'Packing'),
(493, 13, '2023-01-25', 'Die Cutting'),
(494, 14, '2023-01-25', 'Creasing'),
(495, 15, '2023-01-25', 'Stiching'),
(496, 16, '2023-01-25', 'Foiling'),
(497, 17, '2023-01-25', 'Perforating'),
(498, 18, '2023-01-25', 'Folding'),
(499, 19, '2023-01-25', 'Binding'),
(500, 20, '2023-01-25', 'Numbering'),
(501, 1, '2023-01-26', 'Die Cutting'),
(502, 2, '2023-01-26', 'Folding'),
(503, 3, '2023-01-26', 'Cetak Digital'),
(504, 4, '2023-01-26', 'Foiling'),
(505, 5, '2023-01-26', 'Binding Hardcover'),
(506, 6, '2023-01-26', 'Creasing'),
(507, 7, '2023-01-26', 'Embossing'),
(508, 8, '2023-01-26', 'Casing In'),
(509, 9, '2023-01-26', 'Packing'),
(510, 10, '2023-01-26', 'Memotong Kertas'),
(511, 11, '2023-01-26', 'Numbering'),
(512, 12, '2023-01-26', 'Jilid'),
(513, 13, '2023-01-26', 'Stiching'),
(514, 14, '2023-01-26', 'Binding'),
(515, 15, '2023-01-26', 'Finishing'),
(516, 16, '2023-01-26', 'Cetak Offset'),
(517, 17, '2023-01-26', 'Trimming'),
(518, 18, '2023-01-26', 'Laminating'),
(519, 19, '2023-01-26', 'Scoring'),
(520, 20, '2023-01-26', 'Perforating'),
(521, 1, '2023-01-27', 'Embossing'),
(522, 2, '2023-01-27', 'Cetak Offset'),
(523, 3, '2023-01-27', 'Die Cutting'),
(524, 4, '2023-01-27', 'Packing'),
(525, 5, '2023-01-27', 'Jilid'),
(526, 6, '2023-01-27', 'Memotong Kertas'),
(527, 7, '2023-01-27', 'Folding'),
(528, 8, '2023-01-27', 'Perforating'),
(529, 9, '2023-01-27', 'Creasing'),
(530, 10, '2023-01-27', 'Foiling'),
(531, 11, '2023-01-27', 'Cetak Digital'),
(532, 12, '2023-01-27', 'Scoring'),
(533, 13, '2023-01-27', 'Laminating'),
(534, 14, '2023-01-27', 'Finishing'),
(535, 15, '2023-01-27', 'Binding'),
(536, 16, '2023-01-27', 'Numbering'),
(537, 17, '2023-01-27', 'Trimming'),
(538, 18, '2023-01-27', 'Stiching'),
(539, 19, '2023-01-27', 'Casing In'),
(540, 20, '2023-01-27', 'Binding Hardcover'),
(541, 1, '2023-01-28', 'Trimming'),
(542, 2, '2023-01-28', 'Die Cutting'),
(543, 3, '2023-01-28', 'Foiling'),
(544, 4, '2023-01-28', 'Casing In'),
(545, 5, '2023-01-28', 'Numbering'),
(546, 6, '2023-01-28', 'Packing'),
(547, 7, '2023-01-28', 'Scoring'),
(548, 8, '2023-01-28', 'Folding'),
(549, 9, '2023-01-28', 'Binding'),
(550, 10, '2023-01-28', 'Memotong Kertas'),
(551, 11, '2023-01-28', 'Embossing'),
(552, 12, '2023-01-28', 'Stiching'),
(553, 13, '2023-01-28', 'Cetak Offset'),
(554, 14, '2023-01-28', 'Perforating'),
(555, 15, '2023-01-28', 'Finishing'),
(556, 16, '2023-01-28', 'Binding Hardcover'),
(557, 17, '2023-01-28', 'Laminating'),
(558, 18, '2023-01-28', 'Creasing'),
(559, 19, '2023-01-28', 'Jilid'),
(560, 20, '2023-01-28', 'Cetak Digital'),
(561, 1, '2023-01-29', 'Perforating'),
(562, 2, '2023-01-29', 'Die Cutting'),
(563, 3, '2023-01-29', 'Packing'),
(564, 4, '2023-01-29', 'Creasing'),
(565, 5, '2023-01-29', 'Jilid'),
(566, 6, '2023-01-29', 'Laminating'),
(567, 7, '2023-01-29', 'Finishing'),
(568, 8, '2023-01-29', 'Cetak Offset'),
(569, 9, '2023-01-29', 'Stiching'),
(570, 10, '2023-01-29', 'Binding Hardcover'),
(571, 11, '2023-01-29', 'Memotong Kertas'),
(572, 12, '2023-01-29', 'Cetak Digital'),
(573, 13, '2023-01-29', 'Casing In'),
(574, 14, '2023-01-29', 'Trimming'),
(575, 15, '2023-01-29', 'Scoring'),
(576, 16, '2023-01-29', 'Embossing'),
(577, 17, '2023-01-29', 'Binding'),
(578, 18, '2023-01-29', 'Foiling'),
(579, 19, '2023-01-29', 'Folding'),
(580, 20, '2023-01-29', 'Numbering'),
(581, 1, '2023-01-30', 'Binding Hardcover'),
(582, 2, '2023-01-30', 'Creasing'),
(583, 3, '2023-01-30', 'Jilid'),
(584, 4, '2023-01-30', 'Foiling'),
(585, 5, '2023-01-30', 'Folding'),
(586, 6, '2023-01-30', 'Scoring'),
(587, 7, '2023-01-30', 'Cetak Offset'),
(588, 8, '2023-01-30', 'Perforating'),
(589, 9, '2023-01-30', 'Cetak Digital'),
(590, 10, '2023-01-30', 'Numbering'),
(591, 11, '2023-01-30', 'Casing In'),
(592, 12, '2023-01-30', 'Packing'),
(593, 13, '2023-01-30', 'Memotong Kertas'),
(594, 14, '2023-01-30', 'Laminating'),
(595, 15, '2023-01-30', 'Trimming'),
(596, 16, '2023-01-30', 'Binding'),
(597, 17, '2023-01-30', 'Embossing'),
(598, 18, '2023-01-30', 'Finishing'),
(599, 19, '2023-01-30', 'Stiching'),
(600, 20, '2023-01-30', 'Die Cutting'),
(601, 1, '2023-01-31', 'Finishing'),
(602, 2, '2023-01-31', 'Memotong Kertas'),
(603, 3, '2023-01-31', 'Trimming'),
(604, 4, '2023-01-31', 'Embossing'),
(605, 5, '2023-01-31', 'Folding'),
(606, 6, '2023-01-31', 'Packing'),
(607, 7, '2023-01-31', 'Stiching'),
(608, 8, '2023-01-31', 'Die Cutting'),
(609, 9, '2023-01-31', 'Jilid'),
(610, 10, '2023-01-31', 'Casing In'),
(611, 11, '2023-01-31', 'Numbering'),
(612, 12, '2023-01-31', 'Perforating'),
(613, 13, '2023-01-31', 'Cetak Digital'),
(614, 14, '2023-01-31', 'Cetak Offset'),
(615, 15, '2023-01-31', 'Creasing'),
(616, 16, '2023-01-31', 'Scoring'),
(617, 17, '2023-01-31', 'Laminating'),
(618, 18, '2023-01-31', 'Foiling'),
(619, 19, '2023-01-31', 'Binding'),
(620, 20, '2023-01-31', 'Binding Hardcover'),
(621, 1, '2023-02-01', 'Binding Hardcover'),
(622, 2, '2023-02-01', 'Creasing'),
(623, 3, '2023-02-01', 'Cetak Offset'),
(624, 4, '2023-02-01', 'Laminating'),
(625, 5, '2023-02-01', 'Binding'),
(626, 6, '2023-02-01', 'Trimming'),
(627, 7, '2023-02-01', 'Stiching'),
(628, 8, '2023-02-01', 'Memotong Kertas'),
(629, 9, '2023-02-01', 'Scoring'),
(630, 10, '2023-02-01', 'Cetak Digital'),
(631, 11, '2023-02-01', 'Finishing'),
(632, 12, '2023-02-01', 'Embossing'),
(633, 13, '2023-02-01', 'Die Cutting'),
(634, 14, '2023-02-01', 'Casing In'),
(635, 15, '2023-02-01', 'Foiling'),
(636, 16, '2023-02-01', 'Folding'),
(637, 17, '2023-02-01', 'Jilid'),
(638, 18, '2023-02-01', 'Perforating'),
(639, 19, '2023-02-01', 'Packing'),
(640, 20, '2023-02-01', 'Numbering'),
(641, 1, '2023-02-02', 'Cetak Digital'),
(642, 2, '2023-02-02', 'Jilid'),
(643, 3, '2023-02-02', 'Embossing'),
(644, 4, '2023-02-02', 'Finishing'),
(645, 5, '2023-02-02', 'Numbering'),
(646, 6, '2023-02-02', 'Foiling'),
(647, 7, '2023-02-02', 'Packing'),
(648, 8, '2023-02-02', 'Perforating'),
(649, 9, '2023-02-02', 'Cetak Offset'),
(650, 10, '2023-02-02', 'Die Cutting'),
(651, 11, '2023-02-02', 'Stiching'),
(652, 12, '2023-02-02', 'Laminating'),
(653, 13, '2023-02-02', 'Binding Hardcover'),
(654, 14, '2023-02-02', 'Scoring'),
(655, 15, '2023-02-02', 'Memotong Kertas'),
(656, 16, '2023-02-02', 'Trimming'),
(657, 17, '2023-02-02', 'Creasing'),
(658, 18, '2023-02-02', 'Casing In'),
(659, 19, '2023-02-02', 'Binding'),
(660, 20, '2023-02-02', 'Folding'),
(661, 1, '2023-02-03', 'Folding'),
(662, 2, '2023-02-03', 'Memotong Kertas'),
(663, 3, '2023-02-03', 'Packing'),
(664, 4, '2023-02-03', 'Scoring'),
(665, 5, '2023-02-03', 'Binding Hardcover'),
(666, 6, '2023-02-03', 'Stiching'),
(667, 7, '2023-02-03', 'Die Cutting'),
(668, 8, '2023-02-03', 'Foiling'),
(669, 9, '2023-02-03', 'Perforating'),
(670, 10, '2023-02-03', 'Embossing'),
(671, 11, '2023-02-03', 'Binding'),
(672, 12, '2023-02-03', 'Numbering'),
(673, 13, '2023-02-03', 'Finishing'),
(674, 14, '2023-02-03', 'Casing In'),
(675, 15, '2023-02-03', 'Jilid'),
(676, 16, '2023-02-03', 'Cetak Digital'),
(677, 17, '2023-02-03', 'Cetak Offset'),
(678, 18, '2023-02-03', 'Trimming'),
(679, 19, '2023-02-03', 'Creasing'),
(680, 20, '2023-02-03', 'Laminating'),
(681, 1, '2023-02-04', 'Packing'),
(682, 2, '2023-02-04', 'Cetak Digital'),
(683, 3, '2023-02-04', 'Casing In'),
(684, 4, '2023-02-04', 'Scoring'),
(685, 5, '2023-02-04', 'Memotong Kertas'),
(686, 6, '2023-02-04', 'Binding Hardcover'),
(687, 7, '2023-02-04', 'Trimming'),
(688, 8, '2023-02-04', 'Die Cutting'),
(689, 9, '2023-02-04', 'Embossing'),
(690, 10, '2023-02-04', 'Finishing'),
(691, 11, '2023-02-04', 'Numbering'),
(692, 12, '2023-02-04', 'Cetak Offset'),
(693, 13, '2023-02-04', 'Perforating'),
(694, 14, '2023-02-04', 'Laminating'),
(695, 15, '2023-02-04', 'Folding'),
(696, 16, '2023-02-04', 'Jilid'),
(697, 17, '2023-02-04', 'Binding'),
(698, 18, '2023-02-04', 'Foiling'),
(699, 19, '2023-02-04', 'Creasing'),
(700, 20, '2023-02-04', 'Stiching'),
(701, 1, '2023-02-05', 'Scoring'),
(702, 2, '2023-02-05', 'Packing'),
(703, 3, '2023-02-05', 'Casing In'),
(704, 4, '2023-02-05', 'Cetak Offset'),
(705, 5, '2023-02-05', 'Cetak Digital'),
(706, 6, '2023-02-05', 'Laminating'),
(707, 7, '2023-02-05', 'Binding Hardcover'),
(708, 8, '2023-02-05', 'Trimming'),
(709, 9, '2023-02-05', 'Die Cutting'),
(710, 10, '2023-02-05', 'Folding'),
(711, 11, '2023-02-05', 'Numbering'),
(712, 12, '2023-02-05', 'Stiching'),
(713, 13, '2023-02-05', 'Foiling'),
(714, 14, '2023-02-05', 'Memotong Kertas'),
(715, 15, '2023-02-05', 'Finishing'),
(716, 16, '2023-02-05', 'Binding'),
(717, 17, '2023-02-05', 'Embossing'),
(718, 18, '2023-02-05', 'Jilid'),
(719, 19, '2023-02-05', 'Creasing'),
(720, 20, '2023-02-05', 'Perforating'),
(721, 1, '2023-02-06', 'Trimming'),
(722, 2, '2023-02-06', 'Jilid'),
(723, 3, '2023-02-06', 'Foiling'),
(724, 4, '2023-02-06', 'Binding Hardcover'),
(725, 5, '2023-02-06', 'Die Cutting'),
(726, 6, '2023-02-06', 'Folding'),
(727, 7, '2023-02-06', 'Stiching'),
(728, 8, '2023-02-06', 'Numbering'),
(729, 9, '2023-02-06', 'Scoring'),
(730, 10, '2023-02-06', 'Binding'),
(731, 11, '2023-02-06', 'Memotong Kertas'),
(732, 12, '2023-02-06', 'Cetak Digital'),
(733, 13, '2023-02-06', 'Casing In'),
(734, 14, '2023-02-06', 'Cetak Offset'),
(735, 15, '2023-02-06', 'Finishing'),
(736, 16, '2023-02-06', 'Creasing'),
(737, 17, '2023-02-06', 'Embossing'),
(738, 18, '2023-02-06', 'Packing'),
(739, 19, '2023-02-06', 'Laminating'),
(740, 20, '2023-02-06', 'Perforating'),
(741, 1, '2023-02-07', 'Embossing'),
(742, 2, '2023-02-07', 'Binding'),
(743, 3, '2023-02-07', 'Perforating'),
(744, 4, '2023-02-07', 'Finishing'),
(745, 5, '2023-02-07', 'Jilid'),
(746, 6, '2023-02-07', 'Binding Hardcover'),
(747, 7, '2023-02-07', 'Casing In'),
(748, 8, '2023-02-07', 'Creasing'),
(749, 9, '2023-02-07', 'Cetak Offset'),
(750, 10, '2023-02-07', 'Cetak Digital'),
(751, 11, '2023-02-07', 'Trimming'),
(752, 12, '2023-02-07', 'Memotong Kertas'),
(753, 13, '2023-02-07', 'Scoring'),
(754, 14, '2023-02-07', 'Die Cutting'),
(755, 15, '2023-02-07', 'Numbering'),
(756, 16, '2023-02-07', 'Packing'),
(757, 17, '2023-02-07', 'Laminating'),
(758, 18, '2023-02-07', 'Stiching'),
(759, 19, '2023-02-07', 'Foiling'),
(760, 20, '2023-02-07', 'Folding'),
(761, 1, '2023-02-08', 'Creasing'),
(762, 2, '2023-02-08', 'Cetak Digital'),
(763, 3, '2023-02-08', 'Embossing'),
(764, 4, '2023-02-08', 'Memotong Kertas'),
(765, 5, '2023-02-08', 'Perforating'),
(766, 6, '2023-02-08', 'Die Cutting'),
(767, 7, '2023-02-08', 'Numbering'),
(768, 8, '2023-02-08', 'Folding'),
(769, 9, '2023-02-08', 'Scoring'),
(770, 10, '2023-02-08', 'Binding'),
(771, 11, '2023-02-08', 'Binding Hardcover'),
(772, 12, '2023-02-08', 'Jilid'),
(773, 13, '2023-02-08', 'Casing In'),
(774, 14, '2023-02-08', 'Stiching'),
(775, 15, '2023-02-08', 'Laminating'),
(776, 16, '2023-02-08', 'Foiling'),
(777, 17, '2023-02-08', 'Packing'),
(778, 18, '2023-02-08', 'Finishing'),
(779, 19, '2023-02-08', 'Trimming'),
(780, 20, '2023-02-08', 'Cetak Offset'),
(781, 1, '2023-02-09', 'Packing'),
(782, 2, '2023-02-09', 'Die Cutting'),
(783, 3, '2023-02-09', 'Cetak Digital'),
(784, 4, '2023-02-09', 'Numbering'),
(785, 5, '2023-02-09', 'Laminating'),
(786, 6, '2023-02-09', 'Embossing'),
(787, 7, '2023-02-09', 'Binding'),
(788, 8, '2023-02-09', 'Cetak Offset'),
(789, 9, '2023-02-09', 'Finishing'),
(790, 10, '2023-02-09', 'Memotong Kertas'),
(791, 11, '2023-02-09', 'Binding Hardcover'),
(792, 12, '2023-02-09', 'Scoring'),
(793, 13, '2023-02-09', 'Foiling'),
(794, 14, '2023-02-09', 'Folding'),
(795, 15, '2023-02-09', 'Creasing'),
(796, 16, '2023-02-09', 'Casing In'),
(797, 17, '2023-02-09', 'Perforating'),
(798, 18, '2023-02-09', 'Trimming'),
(799, 19, '2023-02-09', 'Jilid'),
(800, 20, '2023-02-09', 'Stiching'),
(801, 1, '2023-02-10', 'Foiling'),
(802, 2, '2023-02-10', 'Numbering'),
(803, 3, '2023-02-10', 'Memotong Kertas'),
(804, 4, '2023-02-10', 'Trimming'),
(805, 5, '2023-02-10', 'Packing'),
(806, 6, '2023-02-10', 'Binding'),
(807, 7, '2023-02-10', 'Binding Hardcover'),
(808, 8, '2023-02-10', 'Stiching'),
(809, 9, '2023-02-10', 'Cetak Digital'),
(810, 10, '2023-02-10', 'Creasing'),
(811, 11, '2023-02-10', 'Folding'),
(812, 12, '2023-02-10', 'Perforating'),
(813, 13, '2023-02-10', 'Jilid'),
(814, 14, '2023-02-10', 'Cetak Offset'),
(815, 15, '2023-02-10', 'Embossing'),
(816, 16, '2023-02-10', 'Die Cutting'),
(817, 17, '2023-02-10', 'Scoring'),
(818, 18, '2023-02-10', 'Laminating'),
(819, 19, '2023-02-10', 'Finishing'),
(820, 20, '2023-02-10', 'Casing In'),
(821, 1, '2023-02-11', 'Creasing'),
(822, 2, '2023-02-11', 'Cetak Offset'),
(823, 3, '2023-02-11', 'Packing'),
(824, 4, '2023-02-11', 'Binding Hardcover'),
(825, 5, '2023-02-11', 'Die Cutting'),
(826, 6, '2023-02-11', 'Foiling'),
(827, 7, '2023-02-11', 'Binding'),
(828, 8, '2023-02-11', 'Casing In'),
(829, 9, '2023-02-11', 'Stiching'),
(830, 10, '2023-02-11', 'Scoring'),
(831, 11, '2023-02-11', 'Finishing'),
(832, 12, '2023-02-11', 'Embossing'),
(833, 13, '2023-02-11', 'Folding'),
(834, 14, '2023-02-11', 'Jilid'),
(835, 15, '2023-02-11', 'Trimming'),
(836, 16, '2023-02-11', 'Laminating'),
(837, 17, '2023-02-11', 'Memotong Kertas'),
(838, 18, '2023-02-11', 'Numbering'),
(839, 19, '2023-02-11', 'Perforating'),
(840, 20, '2023-02-11', 'Cetak Digital'),
(841, 1, '2023-02-12', 'Binding Hardcover'),
(842, 2, '2023-02-12', 'Laminating'),
(843, 3, '2023-02-12', 'Folding'),
(844, 4, '2023-02-12', 'Numbering'),
(845, 5, '2023-02-12', 'Cetak Offset'),
(846, 6, '2023-02-12', 'Embossing'),
(847, 7, '2023-02-12', 'Packing'),
(848, 8, '2023-02-12', 'Trimming'),
(849, 9, '2023-02-12', 'Stiching'),
(850, 10, '2023-02-12', 'Memotong Kertas'),
(851, 11, '2023-02-12', 'Finishing'),
(852, 12, '2023-02-12', 'Foiling'),
(853, 13, '2023-02-12', 'Scoring'),
(854, 14, '2023-02-12', 'Jilid'),
(855, 15, '2023-02-12', 'Casing In'),
(856, 16, '2023-02-12', 'Creasing'),
(857, 17, '2023-02-12', 'Die Cutting'),
(858, 18, '2023-02-12', 'Perforating'),
(859, 19, '2023-02-12', 'Cetak Digital'),
(860, 20, '2023-02-12', 'Binding'),
(861, 1, '2023-02-13', 'Jilid'),
(862, 2, '2023-02-13', 'Packing'),
(863, 3, '2023-02-13', 'Binding Hardcover'),
(864, 4, '2023-02-13', 'Perforating'),
(865, 5, '2023-02-13', 'Numbering'),
(866, 6, '2023-02-13', 'Binding'),
(867, 7, '2023-02-13', 'Cetak Offset'),
(868, 8, '2023-02-13', 'Folding'),
(869, 9, '2023-02-13', 'Finishing'),
(870, 10, '2023-02-13', 'Foiling'),
(871, 11, '2023-02-13', 'Casing In'),
(872, 12, '2023-02-13', 'Trimming'),
(873, 13, '2023-02-13', 'Stiching'),
(874, 14, '2023-02-13', 'Memotong Kertas'),
(875, 15, '2023-02-13', 'Laminating'),
(876, 16, '2023-02-13', 'Cetak Digital'),
(877, 17, '2023-02-13', 'Die Cutting'),
(878, 18, '2023-02-13', 'Scoring'),
(879, 19, '2023-02-13', 'Creasing'),
(880, 20, '2023-02-13', 'Embossing'),
(881, 1, '2023-02-14', 'Casing In'),
(882, 2, '2023-02-14', 'Cetak Offset'),
(883, 3, '2023-02-14', 'Stiching'),
(884, 4, '2023-02-14', 'Embossing'),
(885, 5, '2023-02-14', 'Perforating'),
(886, 6, '2023-02-14', 'Numbering'),
(887, 7, '2023-02-14', 'Creasing'),
(888, 8, '2023-02-14', 'Foiling'),
(889, 9, '2023-02-14', 'Binding Hardcover'),
(890, 10, '2023-02-14', 'Folding'),
(891, 11, '2023-02-14', 'Laminating'),
(892, 12, '2023-02-14', 'Scoring'),
(893, 13, '2023-02-14', 'Finishing'),
(894, 14, '2023-02-14', 'Memotong Kertas'),
(895, 15, '2023-02-14', 'Die Cutting'),
(896, 16, '2023-02-14', 'Packing'),
(897, 17, '2023-02-14', 'Trimming'),
(898, 18, '2023-02-14', 'Binding'),
(899, 19, '2023-02-14', 'Cetak Digital'),
(900, 20, '2023-02-14', 'Jilid'),
(901, 1, '2023-02-15', 'Binding Hardcover'),
(902, 2, '2023-02-15', 'Folding'),
(903, 3, '2023-02-15', 'Embossing'),
(904, 4, '2023-02-15', 'Stiching'),
(905, 5, '2023-02-15', 'Perforating'),
(906, 6, '2023-02-15', 'Memotong Kertas'),
(907, 7, '2023-02-15', 'Cetak Digital'),
(908, 8, '2023-02-15', 'Jilid'),
(909, 9, '2023-02-15', 'Casing In'),
(910, 10, '2023-02-15', 'Numbering'),
(911, 11, '2023-02-15', 'Die Cutting'),
(912, 12, '2023-02-15', 'Cetak Offset'),
(913, 13, '2023-02-15', 'Foiling'),
(914, 14, '2023-02-15', 'Finishing'),
(915, 15, '2023-02-15', 'Packing'),
(916, 16, '2023-02-15', 'Scoring'),
(917, 17, '2023-02-15', 'Creasing'),
(918, 18, '2023-02-15', 'Trimming'),
(919, 19, '2023-02-15', 'Laminating'),
(920, 20, '2023-02-15', 'Binding'),
(921, 1, '2023-02-16', 'Foiling'),
(922, 2, '2023-02-16', 'Scoring'),
(923, 3, '2023-02-16', 'Folding'),
(924, 4, '2023-02-16', 'Jilid'),
(925, 5, '2023-02-16', 'Cetak Digital'),
(926, 6, '2023-02-16', 'Stiching'),
(927, 7, '2023-02-16', 'Finishing'),
(928, 8, '2023-02-16', 'Packing'),
(929, 9, '2023-02-16', 'Perforating'),
(930, 10, '2023-02-16', 'Laminating'),
(931, 11, '2023-02-16', 'Binding Hardcover'),
(932, 12, '2023-02-16', 'Memotong Kertas'),
(933, 13, '2023-02-16', 'Trimming'),
(934, 14, '2023-02-16', 'Casing In'),
(935, 15, '2023-02-16', 'Creasing'),
(936, 16, '2023-02-16', 'Die Cutting'),
(937, 17, '2023-02-16', 'Cetak Offset'),
(938, 18, '2023-02-16', 'Numbering'),
(939, 19, '2023-02-16', 'Binding'),
(940, 20, '2023-02-16', 'Embossing'),
(941, 1, '2023-02-17', 'Laminating'),
(942, 2, '2023-02-17', 'Cetak Digital'),
(943, 3, '2023-02-17', 'Finishing'),
(944, 4, '2023-02-17', 'Stiching'),
(945, 5, '2023-02-17', 'Folding'),
(946, 6, '2023-02-17', 'Casing In'),
(947, 7, '2023-02-17', 'Scoring'),
(948, 8, '2023-02-17', 'Perforating'),
(949, 9, '2023-02-17', 'Jilid'),
(950, 10, '2023-02-17', 'Embossing'),
(951, 11, '2023-02-17', 'Memotong Kertas'),
(952, 12, '2023-02-17', 'Foiling'),
(953, 13, '2023-02-17', 'Binding'),
(954, 14, '2023-02-17', 'Die Cutting'),
(955, 15, '2023-02-17', 'Numbering'),
(956, 16, '2023-02-17', 'Trimming'),
(957, 17, '2023-02-17', 'Creasing'),
(958, 18, '2023-02-17', 'Packing'),
(959, 19, '2023-02-17', 'Cetak Offset'),
(960, 20, '2023-02-17', 'Binding Hardcover'),
(961, 1, '2023-02-18', 'Die Cutting'),
(962, 2, '2023-02-18', 'Creasing'),
(963, 3, '2023-02-18', 'Casing In'),
(964, 4, '2023-02-18', 'Trimming'),
(965, 5, '2023-02-18', 'Memotong Kertas'),
(966, 6, '2023-02-18', 'Finishing'),
(967, 7, '2023-02-18', 'Binding'),
(968, 8, '2023-02-18', 'Binding Hardcover'),
(969, 9, '2023-02-18', 'Laminating'),
(970, 10, '2023-02-18', 'Jilid'),
(971, 11, '2023-02-18', 'Numbering'),
(972, 12, '2023-02-18', 'Cetak Digital'),
(973, 13, '2023-02-18', 'Folding'),
(974, 14, '2023-02-18', 'Perforating'),
(975, 15, '2023-02-18', 'Scoring'),
(976, 16, '2023-02-18', 'Embossing'),
(977, 17, '2023-02-18', 'Cetak Offset'),
(978, 18, '2023-02-18', 'Foiling'),
(979, 19, '2023-02-18', 'Stiching'),
(980, 20, '2023-02-18', 'Packing'),
(981, 1, '2023-02-19', 'Foiling'),
(982, 2, '2023-02-19', 'Stiching'),
(983, 3, '2023-02-19', 'Numbering'),
(984, 4, '2023-02-19', 'Jilid'),
(985, 5, '2023-02-19', 'Cetak Digital'),
(986, 6, '2023-02-19', 'Scoring'),
(987, 7, '2023-02-19', 'Packing'),
(988, 8, '2023-02-19', 'Binding'),
(989, 9, '2023-02-19', 'Embossing'),
(990, 10, '2023-02-19', 'Trimming'),
(991, 11, '2023-02-19', 'Finishing'),
(992, 12, '2023-02-19', 'Perforating'),
(993, 13, '2023-02-19', 'Laminating'),
(994, 14, '2023-02-19', 'Creasing'),
(995, 15, '2023-02-19', 'Casing In'),
(996, 16, '2023-02-19', 'Folding'),
(997, 17, '2023-02-19', 'Memotong Kertas'),
(998, 18, '2023-02-19', 'Binding Hardcover'),
(999, 19, '2023-02-19', 'Cetak Offset'),
(1000, 20, '2023-02-19', 'Die Cutting'),
(1001, 1, '2023-02-20', 'Creasing'),
(1002, 2, '2023-02-20', 'Embossing'),
(1003, 3, '2023-02-20', 'Binding'),
(1004, 4, '2023-02-20', 'Foiling'),
(1005, 5, '2023-02-20', 'Casing In'),
(1006, 6, '2023-02-20', 'Scoring'),
(1007, 7, '2023-02-20', 'Stiching'),
(1008, 8, '2023-02-20', 'Die Cutting'),
(1009, 9, '2023-02-20', 'Memotong Kertas'),
(1010, 10, '2023-02-20', 'Folding'),
(1011, 11, '2023-02-20', 'Trimming'),
(1012, 12, '2023-02-20', 'Cetak Offset'),
(1013, 13, '2023-02-20', 'Packing'),
(1014, 14, '2023-02-20', 'Numbering'),
(1015, 15, '2023-02-20', 'Laminating'),
(1016, 16, '2023-02-20', 'Cetak Digital'),
(1017, 17, '2023-02-20', 'Binding Hardcover'),
(1018, 18, '2023-02-20', 'Jilid'),
(1019, 19, '2023-02-20', 'Finishing'),
(1020, 20, '2023-02-20', 'Perforating'),
(1021, 1, '2023-02-21', 'Folding'),
(1022, 2, '2023-02-21', 'Die Cutting'),
(1023, 3, '2023-02-21', 'Casing In'),
(1024, 4, '2023-02-21', 'Binding'),
(1025, 5, '2023-02-21', 'Cetak Offset'),
(1026, 6, '2023-02-21', 'Laminating'),
(1027, 7, '2023-02-21', 'Numbering'),
(1028, 8, '2023-02-21', 'Memotong Kertas'),
(1029, 9, '2023-02-21', 'Embossing'),
(1030, 10, '2023-02-21', 'Finishing'),
(1031, 11, '2023-02-21', 'Scoring'),
(1032, 12, '2023-02-21', 'Foiling'),
(1033, 13, '2023-02-21', 'Perforating'),
(1034, 14, '2023-02-21', 'Stiching'),
(1035, 15, '2023-02-21', 'Packing'),
(1036, 16, '2023-02-21', 'Binding Hardcover'),
(1037, 17, '2023-02-21', 'Cetak Digital'),
(1038, 18, '2023-02-21', 'Jilid'),
(1039, 19, '2023-02-21', 'Trimming'),
(1040, 20, '2023-02-21', 'Creasing'),
(1041, 1, '2023-02-22', 'Stiching'),
(1042, 2, '2023-02-22', 'Die Cutting'),
(1043, 3, '2023-02-22', 'Foiling'),
(1044, 4, '2023-02-22', 'Trimming'),
(1045, 5, '2023-02-22', 'Casing In'),
(1046, 6, '2023-02-22', 'Laminating'),
(1047, 7, '2023-02-22', 'Creasing'),
(1048, 8, '2023-02-22', 'Cetak Offset'),
(1049, 9, '2023-02-22', 'Binding'),
(1050, 10, '2023-02-22', 'Cetak Digital'),
(1051, 11, '2023-02-22', 'Memotong Kertas'),
(1052, 12, '2023-02-22', 'Folding'),
(1053, 13, '2023-02-22', 'Jilid'),
(1054, 14, '2023-02-22', 'Binding Hardcover'),
(1055, 15, '2023-02-22', 'Packing'),
(1056, 16, '2023-02-22', 'Scoring'),
(1057, 17, '2023-02-22', 'Finishing'),
(1058, 18, '2023-02-22', 'Embossing'),
(1059, 19, '2023-02-22', 'Numbering'),
(1060, 20, '2023-02-22', 'Perforating'),
(1061, 1, '2023-02-23', 'Cetak Digital'),
(1062, 2, '2023-02-23', 'Laminating'),
(1063, 3, '2023-02-23', 'Casing In'),
(1064, 4, '2023-02-23', 'Cetak Offset'),
(1065, 5, '2023-02-23', 'Scoring'),
(1066, 6, '2023-02-23', 'Die Cutting'),
(1067, 7, '2023-02-23', 'Foiling'),
(1068, 8, '2023-02-23', 'Embossing'),
(1069, 9, '2023-02-23', 'Packing'),
(1070, 10, '2023-02-23', 'Perforating'),
(1071, 11, '2023-02-23', 'Stiching'),
(1072, 12, '2023-02-23', 'Creasing'),
(1073, 13, '2023-02-23', 'Trimming'),
(1074, 14, '2023-02-23', 'Numbering'),
(1075, 15, '2023-02-23', 'Finishing'),
(1076, 16, '2023-02-23', 'Binding'),
(1077, 17, '2023-02-23', 'Binding Hardcover'),
(1078, 18, '2023-02-23', 'Folding'),
(1079, 19, '2023-02-23', 'Memotong Kertas'),
(1080, 20, '2023-02-23', 'Jilid'),
(1081, 1, '2023-02-24', 'Finishing'),
(1082, 2, '2023-02-24', 'Cetak Digital'),
(1083, 3, '2023-02-24', 'Stiching'),
(1084, 4, '2023-02-24', 'Trimming'),
(1085, 5, '2023-02-24', 'Cetak Offset'),
(1086, 6, '2023-02-24', 'Memotong Kertas'),
(1087, 7, '2023-02-24', 'Casing In'),
(1088, 8, '2023-02-24', 'Laminating'),
(1089, 9, '2023-02-24', 'Perforating'),
(1090, 10, '2023-02-24', 'Creasing'),
(1091, 11, '2023-02-24', 'Binding'),
(1092, 12, '2023-02-24', 'Binding Hardcover'),
(1093, 13, '2023-02-24', 'Foiling'),
(1094, 14, '2023-02-24', 'Jilid'),
(1095, 15, '2023-02-24', 'Folding'),
(1096, 16, '2023-02-24', 'Scoring'),
(1097, 17, '2023-02-24', 'Die Cutting'),
(1098, 18, '2023-02-24', 'Packing'),
(1099, 19, '2023-02-24', 'Embossing'),
(1100, 20, '2023-02-24', 'Numbering'),
(1101, 1, '2023-02-25', 'Numbering'),
(1102, 2, '2023-02-25', 'Memotong Kertas'),
(1103, 3, '2023-02-25', 'Packing'),
(1104, 4, '2023-02-25', 'Cetak Digital'),
(1105, 5, '2023-02-25', 'Cetak Offset'),
(1106, 6, '2023-02-25', 'Binding Hardcover'),
(1107, 7, '2023-02-25', 'Binding'),
(1108, 8, '2023-02-25', 'Die Cutting'),
(1109, 9, '2023-02-25', 'Embossing'),
(1110, 10, '2023-02-25', 'Perforating'),
(1111, 11, '2023-02-25', 'Jilid'),
(1112, 12, '2023-02-25', 'Finishing'),
(1113, 13, '2023-02-25', 'Folding'),
(1114, 14, '2023-02-25', 'Casing In'),
(1115, 15, '2023-02-25', 'Stiching'),
(1116, 16, '2023-02-25', 'Foiling'),
(1117, 17, '2023-02-25', 'Creasing'),
(1118, 18, '2023-02-25', 'Trimming'),
(1119, 19, '2023-02-25', 'Laminating'),
(1120, 20, '2023-02-25', 'Scoring'),
(1121, 1, '2023-02-26', 'Cetak Offset'),
(1122, 2, '2023-02-26', 'Stiching'),
(1123, 3, '2023-02-26', 'Folding'),
(1124, 4, '2023-02-26', 'Numbering'),
(1125, 5, '2023-02-26', 'Binding Hardcover'),
(1126, 6, '2023-02-26', 'Memotong Kertas'),
(1127, 7, '2023-02-26', 'Laminating'),
(1128, 8, '2023-02-26', 'Finishing'),
(1129, 9, '2023-02-26', 'Scoring'),
(1130, 10, '2023-02-26', 'Binding'),
(1131, 11, '2023-02-26', 'Jilid'),
(1132, 12, '2023-02-26', 'Foiling'),
(1133, 13, '2023-02-26', 'Perforating'),
(1134, 14, '2023-02-26', 'Casing In'),
(1135, 15, '2023-02-26', 'Embossing'),
(1136, 16, '2023-02-26', 'Trimming'),
(1137, 17, '2023-02-26', 'Packing'),
(1138, 18, '2023-02-26', 'Cetak Digital'),
(1139, 19, '2023-02-26', 'Die Cutting'),
(1140, 20, '2023-02-26', 'Creasing'),
(1141, 1, '2023-02-27', 'Laminating'),
(1142, 2, '2023-02-27', 'Scoring'),
(1143, 3, '2023-02-27', 'Trimming'),
(1144, 4, '2023-02-27', 'Folding'),
(1145, 5, '2023-02-27', 'Embossing'),
(1146, 6, '2023-02-27', 'Casing In'),
(1147, 7, '2023-02-27', 'Jilid'),
(1148, 8, '2023-02-27', 'Die Cutting'),
(1149, 9, '2023-02-27', 'Finishing'),
(1150, 10, '2023-02-27', 'Numbering'),
(1151, 11, '2023-02-27', 'Perforating'),
(1152, 12, '2023-02-27', 'Memotong Kertas'),
(1153, 13, '2023-02-27', 'Cetak Offset'),
(1154, 14, '2023-02-27', 'Cetak Digital'),
(1155, 15, '2023-02-27', 'Binding'),
(1156, 16, '2023-02-27', 'Packing'),
(1157, 17, '2023-02-27', 'Binding Hardcover'),
(1158, 18, '2023-02-27', 'Stiching'),
(1159, 19, '2023-02-27', 'Creasing'),
(1160, 20, '2023-02-27', 'Foiling'),
(1161, 1, '2023-02-28', 'Creasing'),
(1162, 2, '2023-02-28', 'Casing In'),
(1163, 3, '2023-02-28', 'Cetak Offset'),
(1164, 4, '2023-02-28', 'Jilid'),
(1165, 5, '2023-02-28', 'Finishing'),
(1166, 6, '2023-02-28', 'Die Cutting'),
(1167, 7, '2023-02-28', 'Binding'),
(1168, 8, '2023-02-28', 'Packing'),
(1169, 9, '2023-02-28', 'Memotong Kertas'),
(1170, 10, '2023-02-28', 'Foiling'),
(1171, 11, '2023-02-28', 'Cetak Digital'),
(1172, 12, '2023-02-28', 'Folding'),
(1173, 13, '2023-02-28', 'Perforating'),
(1174, 14, '2023-02-28', 'Stiching'),
(1175, 15, '2023-02-28', 'Embossing'),
(1176, 16, '2023-02-28', 'Numbering'),
(1177, 17, '2023-02-28', 'Laminating'),
(1178, 18, '2023-02-28', 'Scoring'),
(1179, 19, '2023-02-28', 'Binding Hardcover'),
(1180, 20, '2023-02-28', 'Trimming'),
(1181, 1, '2023-03-01', 'Binding'),
(1182, 2, '2023-03-01', 'Numbering'),
(1183, 3, '2023-03-01', 'Packing'),
(1184, 4, '2023-03-01', 'Die Cutting'),
(1185, 5, '2023-03-01', 'Folding'),
(1186, 6, '2023-03-01', 'Laminating'),
(1187, 7, '2023-03-01', 'Embossing'),
(1188, 8, '2023-03-01', 'Cetak Offset'),
(1189, 9, '2023-03-01', 'Memotong Kertas'),
(1190, 10, '2023-03-01', 'Foiling'),
(1191, 11, '2023-03-01', 'Cetak Digital'),
(1192, 12, '2023-03-01', 'Jilid'),
(1193, 13, '2023-03-01', 'Casing In'),
(1194, 14, '2023-03-01', 'Perforating'),
(1195, 15, '2023-03-01', 'Trimming'),
(1196, 16, '2023-03-01', 'Scoring'),
(1197, 17, '2023-03-01', 'Creasing'),
(1198, 18, '2023-03-01', 'Finishing'),
(1199, 19, '2023-03-01', 'Binding Hardcover'),
(1200, 20, '2023-03-01', 'Stiching'),
(1201, 1, '2023-03-02', 'Trimming'),
(1202, 2, '2023-03-02', 'Packing'),
(1203, 3, '2023-03-02', 'Scoring'),
(1204, 4, '2023-03-02', 'Creasing'),
(1205, 5, '2023-03-02', 'Casing In'),
(1206, 6, '2023-03-02', 'Foiling'),
(1207, 7, '2023-03-02', 'Binding'),
(1208, 8, '2023-03-02', 'Finishing'),
(1209, 9, '2023-03-02', 'Cetak Digital'),
(1210, 10, '2023-03-02', 'Cetak Offset'),
(1211, 11, '2023-03-02', 'Laminating'),
(1212, 12, '2023-03-02', 'Die Cutting'),
(1213, 13, '2023-03-02', 'Memotong Kertas'),
(1214, 14, '2023-03-02', 'Perforating'),
(1215, 15, '2023-03-02', 'Stiching'),
(1216, 16, '2023-03-02', 'Embossing'),
(1217, 17, '2023-03-02', 'Folding'),
(1218, 18, '2023-03-02', 'Jilid'),
(1219, 19, '2023-03-02', 'Binding Hardcover'),
(1220, 20, '2023-03-02', 'Numbering'),
(1221, 1, '2023-03-03', 'Embossing'),
(1222, 2, '2023-03-03', 'Laminating'),
(1223, 3, '2023-03-03', 'Binding Hardcover'),
(1224, 4, '2023-03-03', 'Finishing'),
(1225, 5, '2023-03-03', 'Packing'),
(1226, 6, '2023-03-03', 'Cetak Digital'),
(1227, 7, '2023-03-03', 'Cetak Offset'),
(1228, 8, '2023-03-03', 'Creasing'),
(1229, 9, '2023-03-03', 'Numbering'),
(1230, 10, '2023-03-03', 'Scoring'),
(1231, 11, '2023-03-03', 'Die Cutting'),
(1232, 12, '2023-03-03', 'Trimming'),
(1233, 13, '2023-03-03', 'Memotong Kertas'),
(1234, 14, '2023-03-03', 'Foiling'),
(1235, 15, '2023-03-03', 'Folding'),
(1236, 16, '2023-03-03', 'Stiching'),
(1237, 17, '2023-03-03', 'Perforating'),
(1238, 18, '2023-03-03', 'Casing In'),
(1239, 19, '2023-03-03', 'Binding'),
(1240, 20, '2023-03-03', 'Jilid');

-- --------------------------------------------------------

--
-- Table structure for table `tb_jadwal_pegawai`
--

CREATE TABLE `tb_jadwal_pegawai` (
  `id_jadwal_pegawai` int(11) NOT NULL,
  `id_pegawai` int(11) NOT NULL,
  `tgl_kerja` date NOT NULL,
  `shift` enum('Siang','Malam') NOT NULL
) ENGINE=InnoDB DEFAULT CHARSET=utf8mb4;


-- Dumping data for table `tb_jadwal_pegawai`
--

INSERT INTO `tb_jadwal_pegawai` (`id_jadwal_pegawai`, `id_pegawai`, `tgl_kerja`, `shift`) VALUES
(1, 1, '2023-01-01', 'Siang'),
(2, 2, '2023-01-01', 'Siang'),
(3, 3, '2023-01-01', 'Siang'),
(4, 4, '2023-01-01', 'Malam'),
(5, 5, '2023-01-01', 'Malam'),
(6, 6, '2023-01-01', 'Siang'),
(7, 7, '2023-01-01', 'Malam'),
(8, 8, '2023-01-01', 'Siang'),
(9, 9, '2023-01-01', 'Malam'),
(10, 10, '2023-01-01', 'Siang'),
(11, 11, '2023-01-01', 'Malam'),
(12, 12, '2023-01-01', 'Siang'),
(13, 13, '2023-01-01', 'Malam'),
(14, 14, '2023-01-01', 'Malam'),
(15, 15, '2023-01-01', 'Siang'),
(16, 16, '2023-01-01', 'Malam'),
(17, 17, '2023-01-01', 'Malam'),
(18, 18, '2023-01-01', 'Siang'),
(19, 19, '2023-01-01', 'Siang'),
(20, 20, '2023-01-01', 'Malam'),
(21, 1, '2023-01-02', 'Malam'),
(22, 2, '2023-01-02', 'Siang'),
(23, 3, '2023-01-02', 'Siang'),
(24, 4, '2023-01-02', 'Siang'),
(25, 5, '2023-01-02', 'Siang'),
(26, 6, '2023-01-02', 'Malam'),
(27, 7, '2023-01-02', 'Siang'),
(28, 8, '2023-01-02', 'Malam'),
(29, 9, '2023-01-02', 'Siang'),
(30, 10, '2023-01-02', 'Malam'),
(31, 11, '2023-01-02', 'Malam'),
(32, 12, '2023-01-02', 'Malam'),
(33, 13, '2023-01-02', 'Malam'),
(34, 14, '2023-01-02', 'Siang'),
(35, 15, '2023-01-02', 'Malam'),
(36, 16, '2023-01-02', 'Siang'),
(37, 17, '2023-01-02', 'Siang'),
(38, 18, '2023-01-02', 'Siang'),
(39, 19, '2023-01-02', 'Malam'),
(40, 20, '2023-01-02', 'Malam'),
(41, 1, '2023-01-03', 'Malam'),
(42, 2, '2023-01-03', 'Siang'),
(43, 3, '2023-01-03', 'Siang'),
(44, 4, '2023-01-03', 'Malam'),
(45, 5, '2023-01-03', 'Malam'),
(46, 6, '2023-01-03', 'Malam'),
(47, 7, '2023-01-03', 'Malam'),
(48, 8, '2023-01-03', 'Siang'),
(49, 9, '2023-01-03', 'Siang'),
(50, 10, '2023-01-03', 'Siang'),
(51, 11, '2023-01-03', 'Siang'),
(52, 12, '2023-01-03', 'Siang'),
(53, 13, '2023-01-03', 'Siang'),
(54, 14, '2023-01-03', 'Siang'),
(55, 15, '2023-01-03', 'Malam'),
(56, 16, '2023-01-03', 'Malam'),
(57, 17, '2023-01-03', 'Malam'),
(58, 18, '2023-01-03', 'Malam'),
(59, 19, '2023-01-03', 'Malam'),
(60, 20, '2023-01-03', 'Siang'),
(61, 1, '2023-01-04', 'Siang'),
(62, 2, '2023-01-04', 'Malam'),
(63, 3, '2023-01-04', 'Siang'),
(64, 4, '2023-01-04', 'Siang'),
(65, 5, '2023-01-04', 'Malam'),
(66, 6, '2023-01-04', 'Malam'),
(67, 7, '2023-01-04', 'Siang'),
(68, 8, '2023-01-04', 'Siang'),
(69, 9, '2023-01-04', 'Malam'),
(70, 10, '2023-01-04', 'Malam'),
(71, 11, '2023-01-04', 'Siang'),
(72, 12, '2023-01-04', 'Malam'),
(73, 13, '2023-01-04', 'Siang'),
(74, 14, '2023-01-04', 'Siang'),
(75, 15, '2023-01-04', 'Malam'),
(76, 16, '2023-01-04', 'Malam'),
(77, 17, '2023-01-04', 'Siang'),
(78, 18, '2023-01-04', 'Siang'),
(79, 19, '2023-01-04', 'Malam'),
(80, 20, '2023-01-04', 'Malam'),
(81, 1, '2023-01-05', 'Malam'),
(82, 2, '2023-01-05', 'Malam'),
(83, 3, '2023-01-05', 'Siang'),
(84, 4, '2023-01-05', 'Malam'),
(85, 5, '2023-01-05', 'Siang'),
(86, 6, '2023-01-05', 'Malam'),
(87, 7, '2023-01-05', 'Malam'),
(88, 8, '2023-01-05', 'Malam'),
(89, 9, '2023-01-05', 'Malam'),
(90, 10, '2023-01-05', 'Siang'),
(91, 11, '2023-01-05', 'Siang'),
(92, 12, '2023-01-05', 'Siang'),
(93, 13, '2023-01-05', 'Malam'),
(94, 14, '2023-01-05', 'Siang'),
(95, 15, '2023-01-05', 'Siang'),
(96, 16, '2023-01-05', 'Malam'),
(97, 17, '2023-01-05', 'Malam'),
(98, 18, '2023-01-05', 'Siang'),
(99, 19, '2023-01-05', 'Siang'),
(100, 20, '2023-01-05', 'Siang'),
(101, 1, '2023-01-06', 'Malam'),
(102, 2, '2023-01-06', 'Malam'),
(103, 3, '2023-01-06', 'Malam'),
(104, 4, '2023-01-06', 'Siang'),
(105, 5, '2023-01-06', 'Siang'),
(106, 6, '2023-01-06', 'Siang'),
(107, 7, '2023-01-06', 'Siang'),
(108, 8, '2023-01-06', 'Malam'),
(109, 9, '2023-01-06', 'Malam'),
(110, 10, '2023-01-06', 'Siang'),
(111, 11, '2023-01-06', 'Siang'),
(112, 12, '2023-01-06', 'Malam'),
(113, 13, '2023-01-06', 'Malam'),
(114, 14, '2023-01-06', 'Malam'),
(115, 15, '2023-01-06', 'Malam'),
(116, 16, '2023-01-06', 'Malam'),
(117, 17, '2023-01-06', 'Siang'),
(118, 18, '2023-01-06', 'Siang'),
(119, 19, '2023-01-06', 'Siang'),
(120, 20, '2023-01-06', 'Siang'),
(121, 1, '2023-01-07', 'Malam'),
(122, 2, '2023-01-07', 'Malam'),
(123, 3, '2023-01-07', 'Siang'),
(124, 4, '2023-01-07', 'Siang'),
(125, 5, '2023-01-07', 'Malam'),
(126, 6, '2023-01-07', 'Malam'),
(127, 7, '2023-01-07', 'Siang'),
(128, 8, '2023-01-07', 'Malam'),
(129, 9, '2023-01-07', 'Malam'),
(130, 10, '2023-01-07', 'Siang'),
(131, 11, '2023-01-07', 'Malam'),
(132, 12, '2023-01-07', 'Malam'),
(133, 13, '2023-01-07', 'Siang'),
(134, 14, '2023-01-07', 'Malam'),
(135, 15, '2023-01-07', 'Siang'),
(136, 16, '2023-01-07', 'Siang'),
(137, 17, '2023-01-07', 'Malam'),
(138, 18, '2023-01-07', 'Siang'),
(139, 19, '2023-01-07', 'Siang'),
(140, 20, '2023-01-07', 'Siang'),
(141, 1, '2023-01-08', 'Siang'),
(142, 2, '2023-01-08', 'Siang'),
(143, 3, '2023-01-08', 'Siang'),
(144, 4, '2023-01-08', 'Malam'),
(145, 5, '2023-01-08', 'Siang'),
(146, 6, '2023-01-08', 'Siang'),
(147, 7, '2023-01-08', 'Siang'),
(148, 8, '2023-01-08', 'Malam'),
(149, 9, '2023-01-08', 'Malam'),
(150, 10, '2023-01-08', 'Malam'),
(151, 11, '2023-01-08', 'Malam'),
(152, 12, '2023-01-08', 'Malam'),
(153, 13, '2023-01-08', 'Malam'),
(154, 14, '2023-01-08', 'Siang'),
(155, 15, '2023-01-08', 'Malam'),
(156, 16, '2023-01-08', 'Malam'),
(157, 17, '2023-01-08', 'Siang'),
(158, 18, '2023-01-08', 'Siang'),
(159, 19, '2023-01-08', 'Siang'),
(160, 20, '2023-01-08', 'Malam'),
(161, 1, '2023-01-09', 'Siang'),
(162, 2, '2023-01-09', 'Malam'),
(163, 3, '2023-01-09', 'Malam'),
(164, 4, '2023-01-09', 'Siang'),
(165, 5, '2023-01-09', 'Siang'),
(166, 6, '2023-01-09', 'Malam'),
(167, 7, '2023-01-09', 'Siang'),
(168, 8, '2023-01-09', 'Siang'),
(169, 9, '2023-01-09', 'Siang'),
(170, 10, '2023-01-09', 'Siang'),
(171, 11, '2023-01-09', 'Malam'),
(172, 12, '2023-01-09', 'Siang'),
(173, 13, '2023-01-09', 'Siang'),
(174, 14, '2023-01-09', 'Malam'),
(175, 15, '2023-01-09', 'Malam'),
(176, 16, '2023-01-09', 'Malam'),
(177, 17, '2023-01-09', 'Malam'),
(178, 18, '2023-01-09', 'Malam'),
(179, 19, '2023-01-09', 'Siang'),
(180, 20, '2023-01-09', 'Malam'),
(181, 1, '2023-01-10', 'Siang'),
(182, 2, '2023-01-10', 'Malam'),
(183, 3, '2023-01-10', 'Siang'),
(184, 4, '2023-01-10', 'Siang'),
(185, 5, '2023-01-10', 'Malam'),
(186, 6, '2023-01-10', 'Malam'),
(187, 7, '2023-01-10', 'Siang'),
(188, 8, '2023-01-10', 'Siang'),
(189, 9, '2023-01-10', 'Siang'),
(190, 10, '2023-01-10', 'Malam'),
(191, 11, '2023-01-10', 'Siang'),
(192, 12, '2023-01-10', 'Siang'),
(193, 13, '2023-01-10', 'Malam'),
(194, 14, '2023-01-10', 'Siang'),
(195, 15, '2023-01-10', 'Malam'),
(196, 16, '2023-01-10', 'Siang'),
(197, 17, '2023-01-10', 'Malam'),
(198, 18, '2023-01-10', 'Malam'),
(199, 19, '2023-01-10', 'Malam'),
(200, 20, '2023-01-10', 'Malam'),
(201, 1, '2023-01-11', 'Siang'),
(202, 2, '2023-01-11', 'Malam'),
(203, 3, '2023-01-11', 'Malam'),
(204, 4, '2023-01-11', 'Malam'),
(205, 5, '2023-01-11', 'Siang'),
(206, 6, '2023-01-11', 'Malam'),
(207, 7, '2023-01-11', 'Malam'),
(208, 8, '2023-01-11', 'Siang'),
(209, 9, '2023-01-11', 'Siang'),
(210, 10, '2023-01-11', 'Malam'),
(211, 11, '2023-01-11', 'Siang'),
(212, 12, '2023-01-11', 'Malam'),
(213, 13, '2023-01-11', 'Siang'),
(214, 14, '2023-01-11', 'Siang'),
(215, 15, '2023-01-11', 'Malam'),
(216, 16, '2023-01-11', 'Siang'),
(217, 17, '2023-01-11', 'Malam'),
(218, 18, '2023-01-11', 'Siang'),
(219, 19, '2023-01-11', 'Malam'),
(220, 20, '2023-01-11', 'Siang'),
(221, 1, '2023-01-12', 'Malam'),
(222, 2, '2023-01-12', 'Malam'),
(223, 3, '2023-01-12', 'Siang'),
(224, 4, '2023-01-12', 'Siang'),
(225, 5, '2023-01-12', 'Siang'),
(226, 6, '2023-01-12', 'Siang'),
(227, 7, '2023-01-12', 'Malam'),
(228, 8, '2023-01-12', 'Malam'),
(229, 9, '2023-01-12', 'Malam'),
(230, 10, '2023-01-12', 'Malam'),
(231, 11, '2023-01-12', 'Siang'),
(232, 12, '2023-01-12', 'Malam'),
(233, 13, '2023-01-12', 'Malam'),
(234, 14, '2023-01-12', 'Malam'),
(235, 15, '2023-01-12', 'Siang'),
(236, 16, '2023-01-12', 'Malam'),
(237, 17, '2023-01-12', 'Siang'),
(238, 18, '2023-01-12', 'Siang'),
(239, 19, '2023-01-12', 'Siang'),
(240, 20, '2023-01-12', 'Siang'),
(241, 1, '2023-01-13', 'Siang'),
(242, 2, '2023-01-13', 'Siang'),
(243, 3, '2023-01-13', 'Malam'),
(244, 4, '2023-01-13', 'Siang'),
(245, 5, '2023-01-13', 'Siang'),
(246, 6, '2023-01-13', 'Malam'),
(247, 7, '2023-01-13', 'Malam'),
(248, 8, '2023-01-13', 'Malam'),
(249, 9, '2023-01-13', 'Malam'),
(250, 10, '2023-01-13', 'Siang'),
(251, 11, '2023-01-13', 'Malam'),
(252, 12, '2023-01-13', 'Siang'),
(253, 13, '2023-01-13', 'Malam'),
(254, 14, '2023-01-13', 'Siang'),
(255, 15, '2023-01-13', 'Malam'),
(256, 16, '2023-01-13', 'Siang'),
(257, 17, '2023-01-13', 'Siang'),
(258, 18, '2023-01-13', 'Malam'),
(259, 19, '2023-01-13', 'Siang'),
(260, 20, '2023-01-13', 'Malam'),
(261, 1, '2023-01-14', 'Siang'),
(262, 2, '2023-01-14', 'Malam'),
(263, 3, '2023-01-14', 'Siang'),
(264, 4, '2023-01-14', 'Siang'),
(265, 5, '2023-01-14', 'Siang'),
(266, 6, '2023-01-14', 'Malam'),
(267, 7, '2023-01-14', 'Siang'),
(268, 8, '2023-01-14', 'Malam'),
(269, 9, '2023-01-14', 'Siang'),
(270, 10, '2023-01-14', 'Malam'),
(271, 11, '2023-01-14', 'Malam'),
(272, 12, '2023-01-14', 'Malam'),
(273, 13, '2023-01-14', 'Siang'),
(274, 14, '2023-01-14', 'Malam'),
(275, 15, '2023-01-14', 'Siang'),
(276, 16, '2023-01-14', 'Malam'),
(277, 17, '2023-01-14', 'Malam'),
(278, 18, '2023-01-14', 'Malam'),
(279, 19, '2023-01-14', 'Siang'),
(280, 20, '2023-01-14', 'Siang'),
(281, 1, '2023-01-15', 'Siang'),
(282, 2, '2023-01-15', 'Malam'),
(283, 3, '2023-01-15', 'Siang'),
(284, 4, '2023-01-15', 'Siang'),
(285, 5, '2023-01-15', 'Malam'),
(286, 6, '2023-01-15', 'Siang'),
(287, 7, '2023-01-15', 'Malam'),
(288, 8, '2023-01-15', 'Malam'),
(289, 9, '2023-01-15', 'Malam'),
(290, 10, '2023-01-15', 'Siang'),
(291, 11, '2023-01-15', 'Siang'),
(292, 12, '2023-01-15', 'Malam'),
(293, 13, '2023-01-15', 'Malam'),
(294, 14, '2023-01-15', 'Malam'),
(295, 15, '2023-01-15', 'Siang'),
(296, 16, '2023-01-15', 'Siang'),
(297, 17, '2023-01-15', 'Siang'),
(298, 18, '2023-01-15', 'Malam'),
(299, 19, '2023-01-15', 'Siang'),
(300, 20, '2023-01-15', 'Malam'),
(301, 1, '2023-01-16', 'Malam'),
(302, 2, '2023-01-16', 'Malam'),
(303, 3, '2023-01-16', 'Malam'),
(304, 4, '2023-01-16', 'Siang'),
(305, 5, '2023-01-16', 'Malam'),
(306, 6, '2023-01-16', 'Siang'),
(307, 7, '2023-01-16', 'Malam'),
(308, 8, '2023-01-16', 'Siang'),
(309, 9, '2023-01-16', 'Siang'),
(310, 10, '2023-01-16', 'Malam'),
(311, 11, '2023-01-16', 'Siang'),
(312, 12, '2023-01-16', 'Malam'),
(313, 13, '2023-01-16', 'Siang'),
(314, 14, '2023-01-16', 'Siang'),
(315, 15, '2023-01-16', 'Malam'),
(316, 16, '2023-01-16', 'Malam'),
(317, 17, '2023-01-16', 'Siang'),
(318, 18, '2023-01-16', 'Siang'),
(319, 19, '2023-01-16', 'Siang'),
(320, 20, '2023-01-16', 'Malam'),
(321, 1, '2023-01-17', 'Malam'),
(322, 2, '2023-01-17', 'Siang'),
(323, 3, '2023-01-17', 'Malam'),
(324, 4, '2023-01-17', 'Siang'),
(325, 5, '2023-01-17', 'Siang'),
(326, 6, '2023-01-17', 'Siang'),
(327, 7, '2023-01-17', 'Malam'),
(328, 8, '2023-01-17', 'Siang'),
(329, 9, '2023-01-17', 'Malam'),
(330, 10, '2023-01-17', 'Malam'),
(331, 11, '2023-01-17', 'Malam'),
(332, 12, '2023-01-17', 'Siang'),
(333, 13, '2023-01-17', 'Malam'),
(334, 14, '2023-01-17', 'Siang'),
(335, 15, '2023-01-17', 'Malam'),
(336, 16, '2023-01-17', 'Siang'),
(337, 17, '2023-01-17', 'Malam'),
(338, 18, '2023-01-17', 'Malam'),
(339, 19, '2023-01-17', 'Siang'),
(340, 20, '2023-01-17', 'Siang'),
(341, 1, '2023-01-18', 'Siang'),
(342, 2, '2023-01-18', 'Siang'),
(343, 3, '2023-01-18', 'Siang'),
(344, 4, '2023-01-18', 'Malam'),
(345, 5, '2023-01-18', 'Siang'),
(346, 6, '2023-01-18', 'Malam'),
(347, 7, '2023-01-18', 'Siang'),
(348, 8, '2023-01-18', 'Malam'),
(349, 9, '2023-01-18', 'Malam'),
(350, 10, '2023-01-18', 'Malam'),
(351, 11, '2023-01-18', 'Siang'),
(352, 12, '2023-01-18', 'Malam'),
(353, 13, '2023-01-18', 'Siang'),
(354, 14, '2023-01-18', 'Malam'),
(355, 15, '2023-01-18', 'Malam'),
(356, 16, '2023-01-18', 'Siang'),
(357, 17, '2023-01-18', 'Malam'),
(358, 18, '2023-01-18', 'Malam'),
(359, 19, '2023-01-18', 'Siang'),
(360, 20, '2023-01-18', 'Siang'),
(361, 1, '2023-01-19', 'Siang'),
(362, 2, '2023-01-19', 'Malam'),
(363, 3, '2023-01-19', 'Malam'),
(364, 4, '2023-01-19', 'Siang'),
(365, 5, '2023-01-19', 'Malam'),
(366, 6, '2023-01-19', 'Malam'),
(367, 7, '2023-01-19', 'Malam'),
(368, 8, '2023-01-19', 'Malam'),
(369, 9, '2023-01-19', 'Malam'),
(370, 10, '2023-01-19', 'Malam'),
(371, 11, '2023-01-19', 'Siang'),
(372, 12, '2023-01-19', 'Siang'),
(373, 13, '2023-01-19', 'Siang'),
(374, 14, '2023-01-19', 'Malam'),
(375, 15, '2023-01-19', 'Siang'),
(376, 16, '2023-01-19', 'Siang'),
(377, 17, '2023-01-19', 'Siang'),
(378, 18, '2023-01-19', 'Siang'),
(379, 19, '2023-01-19', 'Siang'),
(380, 20, '2023-01-19', 'Malam'),
(381, 1, '2023-01-20', 'Siang'),
(382, 2, '2023-01-20', 'Siang'),
(383, 3, '2023-01-20', 'Siang'),
(384, 4, '2023-01-20', 'Malam'),
(385, 5, '2023-01-20', 'Siang'),
(386, 6, '2023-01-20', 'Siang'),
(387, 7, '2023-01-20', 'Siang'),
(388, 8, '2023-01-20', 'Malam'),
(389, 9, '2023-01-20', 'Siang'),
(390, 10, '2023-01-20', 'Malam'),
(391, 11, '2023-01-20', 'Malam'),
(392, 12, '2023-01-20', 'Malam'),
(393, 13, '2023-01-20', 'Siang'),
(394, 14, '2023-01-20', 'Malam'),
(395, 15, '2023-01-20', 'Malam'),
(396, 16, '2023-01-20', 'Malam'),
(397, 17, '2023-01-20', 'Siang'),
(398, 18, '2023-01-20', 'Malam'),
(399, 19, '2023-01-20', 'Siang'),
(400, 20, '2023-01-20', 'Malam'),
(401, 1, '2023-01-21', 'Siang'),
(402, 2, '2023-01-21', 'Siang'),
(403, 3, '2023-01-21', 'Malam'),
(404, 4, '2023-01-21', 'Malam'),
(405, 5, '2023-01-21', 'Malam'),
(406, 6, '2023-01-21', 'Malam'),
(407, 7, '2023-01-21', 'Malam'),
(408, 8, '2023-01-21', 'Malam'),
(409, 9, '2023-01-21', 'Siang'),
(410, 10, '2023-01-21', 'Siang'),
(411, 11, '2023-01-21', 'Siang'),
(412, 12, '2023-01-21', 'Malam'),
(413, 13, '2023-01-21', 'Siang'),
(414, 14, '2023-01-21', 'Malam'),
(415, 15, '2023-01-21', 'Malam'),
(416, 16, '2023-01-21', 'Malam'),
(417, 17, '2023-01-21', 'Siang'),
(418, 18, '2023-01-21', 'Siang'),
(419, 19, '2023-01-21', 'Siang'),
(420, 20, '2023-01-21', 'Siang'),
(421, 1, '2023-01-22', 'Siang'),
(422, 2, '2023-01-22', 'Siang'),
(423, 3, '2023-01-22', 'Siang'),
(424, 4, '2023-01-22', 'Siang'),
(425, 5, '2023-01-22', 'Siang'),
(426, 6, '2023-01-22', 'Malam'),
(427, 7, '2023-01-22', 'Siang'),
(428, 8, '2023-01-22', 'Siang'),
(429, 9, '2023-01-22', 'Malam'),
(430, 10, '2023-01-22', 'Malam'),
(431, 11, '2023-01-22', 'Malam'),
(432, 12, '2023-01-22', 'Malam'),
(433, 13, '2023-01-22', 'Siang'),
(434, 14, '2023-01-22', 'Siang'),
(435, 15, '2023-01-22', 'Malam'),
(436, 16, '2023-01-22', 'Malam'),
(437, 17, '2023-01-22', 'Siang'),
(438, 18, '2023-01-22', 'Malam'),
(439, 19, '2023-01-22', 'Malam'),
(440, 20, '2023-01-22', 'Malam'),
(441, 1, '2023-01-23', 'Malam'),
(442, 2, '2023-01-23', 'Siang'),
(443, 3, '2023-01-23', 'Malam'),
(444, 4, '2023-01-23', 'Malam'),
(445, 5, '2023-01-23', 'Siang'),
(446, 6, '2023-01-23', 'Siang'),
(447, 7, '2023-01-23', 'Malam'),
(448, 8, '2023-01-23', 'Malam'),
(449, 9, '2023-01-23', 'Siang'),
(450, 10, '2023-01-23', 'Malam'),
(451, 11, '2023-01-23', 'Siang'),
(452, 12, '2023-01-23', 'Malam'),
(453, 13, '2023-01-23', 'Siang'),
(454, 14, '2023-01-23', 'Siang'),
(455, 15, '2023-01-23', 'Malam'),
(456, 16, '2023-01-23', 'Malam'),
(457, 17, '2023-01-23', 'Siang'),
(458, 18, '2023-01-23', 'Siang'),
(459, 19, '2023-01-23', 'Malam'),
(460, 20, '2023-01-23', 'Siang'),
(461, 1, '2023-01-24', 'Siang'),
(462, 2, '2023-01-24', 'Siang'),
(463, 3, '2023-01-24', 'Malam'),
(464, 4, '2023-01-24', 'Siang'),
(465, 5, '2023-01-24', 'Malam'),
(466, 6, '2023-01-24', 'Malam'),
(467, 7, '2023-01-24', 'Siang'),
(468, 8, '2023-01-24', 'Malam'),
(469, 9, '2023-01-24', 'Siang'),
(470, 10, '2023-01-24', 'Siang'),
(471, 11, '2023-01-24', 'Siang'),
(472, 12, '2023-01-24', 'Siang'),
(473, 13, '2023-01-24', 'Siang'),
(474, 14, '2023-01-24', 'Malam'),
(475, 15, '2023-01-24', 'Malam'),
(476, 16, '2023-01-24', 'Malam'),
(477, 17, '2023-01-24', 'Malam'),
(478, 18, '2023-01-24', 'Siang'),
(479, 19, '2023-01-24', 'Malam'),
(480, 20, '2023-01-24', 'Malam'),
(481, 1, '2023-01-25', 'Malam'),
(482, 2, '2023-01-25', 'Siang'),
(483, 3, '2023-01-25', 'Malam'),
(484, 4, '2023-01-25', 'Malam'),
(485, 5, '2023-01-25', 'Malam'),
(486, 6, '2023-01-25', 'Siang'),
(487, 7, '2023-01-25', 'Malam'),
(488, 8, '2023-01-25', 'Malam'),
(489, 9, '2023-01-25', 'Malam'),
(490, 10, '2023-01-25', 'Siang'),
(491, 11, '2023-01-25', 'Siang'),
(492, 12, '2023-01-25', 'Siang'),
(493, 13, '2023-01-25', 'Siang'),
(494, 14, '2023-01-25', 'Malam'),
(495, 15, '2023-01-25', 'Siang'),
(496, 16, '2023-01-25', 'Siang'),
(497, 17, '2023-01-25', 'Malam'),
(498, 18, '2023-01-25', 'Malam'),
(499, 19, '2023-01-25', 'Siang'),
(500, 20, '2023-01-25', 'Siang'),
(501, 1, '2023-01-26', 'Malam'),
(502, 2, '2023-01-26', 'Malam'),
(503, 3, '2023-01-26', 'Malam'),
(504, 4, '2023-01-26', 'Malam'),
(505, 5, '2023-01-26', 'Siang'),
(506, 6, '2023-01-26', 'Malam'),
(507, 7, '2023-01-26', 'Siang'),
(508, 8, '2023-01-26', 'Siang'),
(509, 9, '2023-01-26', 'Siang'),
(510, 10, '2023-01-26', 'Malam'),
(511, 11, '2023-01-26', 'Siang'),
(512, 12, '2023-01-26', 'Malam'),
(513, 13, '2023-01-26', 'Siang'),
(514, 14, '2023-01-26', 'Siang'),
(515, 15, '2023-01-26', 'Siang'),
(516, 16, '2023-01-26', 'Siang'),
(517, 17, '2023-01-26', 'Malam'),
(518, 18, '2023-01-26', 'Malam'),
(519, 19, '2023-01-26', 'Siang'),
(520, 20, '2023-01-26', 'Malam'),
(521, 1, '2023-01-27', 'Malam'),
(522, 2, '2023-01-27', 'Siang'),
(523, 3, '2023-01-27', 'Malam'),
(524, 4, '2023-01-27', 'Malam'),
(525, 5, '2023-01-27', 'Siang'),
(526, 6, '2023-01-27', 'Siang'),
(527, 7, '2023-01-27', 'Malam'),
(528, 8, '2023-01-27', 'Malam'),
(529, 9, '2023-01-27', 'Malam'),
(530, 10, '2023-01-27', 'Siang'),
(531, 11, '2023-01-27', 'Malam'),
(532, 12, '2023-01-27', 'Siang'),
(533, 13, '2023-01-27', 'Malam'),
(534, 14, '2023-01-27', 'Malam'),
(535, 15, '2023-01-27', 'Siang'),
(536, 16, '2023-01-27', 'Siang'),
(537, 17, '2023-01-27', 'Siang'),
(538, 18, '2023-01-27', 'Siang'),
(539, 19, '2023-01-27', 'Siang'),
(540, 20, '2023-01-27', 'Malam'),
(541, 1, '2023-01-28', 'Siang'),
(542, 2, '2023-01-28', 'Malam'),
(543, 3, '2023-01-28', 'Siang'),
(544, 4, '2023-01-28', 'Siang'),
(545, 5, '2023-01-28', 'Siang'),
(546, 6, '2023-01-28', 'Malam'),
(547, 7, '2023-01-28', 'Malam'),
(548, 8, '2023-01-28', 'Siang'),
(549, 9, '2023-01-28', 'Siang'),
(550, 10, '2023-01-28', 'Malam'),
(551, 11, '2023-01-28', 'Siang'),
(552, 12, '2023-01-28', 'Siang'),
(553, 13, '2023-01-28', 'Siang'),
(554, 14, '2023-01-28', 'Malam'),
(555, 15, '2023-01-28', 'Malam'),
(556, 16, '2023-01-28', 'Malam'),
(557, 17, '2023-01-28', 'Malam'),
(558, 18, '2023-01-28', 'Malam'),
(559, 19, '2023-01-28', 'Siang'),
(560, 20, '2023-01-28', 'Malam'),
(561, 1, '2023-01-29', 'Malam'),
(562, 2, '2023-01-29', 'Malam'),
(563, 3, '2023-01-29', 'Malam'),
(564, 4, '2023-01-29', 'Malam'),
(565, 5, '2023-01-29', 'Siang'),
(566, 6, '2023-01-29', 'Siang'),
(567, 7, '2023-01-29', 'Siang'),
(568, 8, '2023-01-29', 'Malam'),
(569, 9, '2023-01-29', 'Malam'),
(570, 10, '2023-01-29', 'Siang'),
(571, 11, '2023-01-29', 'Malam'),
(572, 12, '2023-01-29', 'Siang'),
(573, 13, '2023-01-29', 'Siang'),
(574, 14, '2023-01-29', 'Siang'),
(575, 15, '2023-01-29', 'Malam'),
(576, 16, '2023-01-29', 'Malam'),
(577, 17, '2023-01-29', 'Siang'),
(578, 18, '2023-01-29', 'Malam'),
(579, 19, '2023-01-29', 'Siang'),
(580, 20, '2023-01-29', 'Siang'),
(581, 1, '2023-01-30', 'Siang'),
(582, 2, '2023-01-30', 'Malam'),
(583, 3, '2023-01-30', 'Siang'),
(584, 4, '2023-01-30', 'Siang'),
(585, 5, '2023-01-30', 'Siang'),
(586, 6, '2023-01-30', 'Siang'),
(587, 7, '2023-01-30', 'Malam'),
(588, 8, '2023-01-30', 'Siang'),
(589, 9, '2023-01-30', 'Malam'),
(590, 10, '2023-01-30', 'Siang'),
(591, 11, '2023-01-30', 'Malam'),
(592, 12, '2023-01-30', 'Malam'),
(593, 13, '2023-01-30', 'Siang'),
(594, 14, '2023-01-30', 'Siang'),
(595, 15, '2023-01-30', 'Malam'),
(596, 16, '2023-01-30', 'Malam'),
(597, 17, '2023-01-30', 'Malam'),
(598, 18, '2023-01-30', 'Siang'),
(599, 19, '2023-01-30', 'Malam'),
(600, 20, '2023-01-30', 'Malam'),
(601, 1, '2023-01-31', 'Malam'),
(602, 2, '2023-01-31', 'Siang'),
(603, 3, '2023-01-31', 'Malam'),
(604, 4, '2023-01-31', 'Siang'),
(605, 5, '2023-01-31', 'Siang'),
(606, 6, '2023-01-31', 'Siang'),
(607, 7, '2023-01-31', 'Malam'),
(608, 8, '2023-01-31', 'Siang'),
(609, 9, '2023-01-31', 'Malam'),
(610, 10, '2023-01-31', 'Siang'),
(611, 11, '2023-01-31', 'Siang'),
(612, 12, '2023-01-31', 'Malam'),
(613, 13, '2023-01-31', 'Malam'),
(614, 14, '2023-01-31', 'Siang'),
(615, 15, '2023-01-31', 'Siang'),
(616, 16, '2023-01-31', 'Malam'),
(617, 17, '2023-01-31', 'Malam'),
(618, 18, '2023-01-31', 'Siang'),
(619, 19, '2023-01-31', 'Malam'),
(620, 20, '2023-01-31', 'Malam'),
(621, 1, '2023-02-01', 'Siang'),
(622, 2, '2023-02-01', 'Malam'),
(623, 3, '2023-02-01', 'Malam'),
(624, 4, '2023-02-01', 'Siang'),
(625, 5, '2023-02-01', 'Malam'),
(626, 6, '2023-02-01', 'Malam'),
(627, 7, '2023-02-01', 'Siang'),
(628, 8, '2023-02-01', 'Siang'),
(629, 9, '2023-02-01', 'Siang'),
(630, 10, '2023-02-01', 'Malam'),
(631, 11, '2023-02-01', 'Malam'),
(632, 12, '2023-02-01', 'Siang'),
(633, 13, '2023-02-01', 'Siang'),
(634, 14, '2023-02-01', 'Malam'),
(635, 15, '2023-02-01', 'Malam'),
(636, 16, '2023-02-01', 'Malam'),
(637, 17, '2023-02-01', 'Siang'),
(638, 18, '2023-02-01', 'Siang'),
(639, 19, '2023-02-01', 'Malam'),
(640, 20, '2023-02-01', 'Siang'),
(641, 1, '2023-02-02', 'Siang'),
(642, 2, '2023-02-02', 'Malam'),
(643, 3, '2023-02-02', 'Siang'),
(644, 4, '2023-02-02', 'Malam'),
(645, 5, '2023-02-02', 'Malam'),
(646, 6, '2023-02-02', 'Siang'),
(647, 7, '2023-02-02', 'Malam'),
(648, 8, '2023-02-02', 'Siang'),
(649, 9, '2023-02-02', 'Malam'),
(650, 10, '2023-02-02', 'Siang'),
(651, 11, '2023-02-02', 'Siang'),
(652, 12, '2023-02-02', 'Malam'),
(653, 13, '2023-02-02', 'Siang'),
(654, 14, '2023-02-02', 'Siang'),
(655, 15, '2023-02-02', 'Malam'),
(656, 16, '2023-02-02', 'Malam'),
(657, 17, '2023-02-02', 'Siang'),
(658, 18, '2023-02-02', 'Malam'),
(659, 19, '2023-02-02', 'Siang'),
(660, 20, '2023-02-02', 'Malam'),
(661, 1, '2023-02-03', 'Malam'),
(662, 2, '2023-02-03', 'Malam'),
(663, 3, '2023-02-03', 'Malam'),
(664, 4, '2023-02-03', 'Malam'),
(665, 5, '2023-02-03', 'Siang'),
(666, 6, '2023-02-03', 'Siang'),
(667, 7, '2023-02-03', 'Siang'),
(668, 8, '2023-02-03', 'Siang'),
(669, 9, '2023-02-03', 'Malam'),
(670, 10, '2023-02-03', 'Siang'),
(671, 11, '2023-02-03', 'Malam'),
(672, 12, '2023-02-03', 'Malam'),
(673, 13, '2023-02-03', 'Siang'),
(674, 14, '2023-02-03', 'Siang'),
(675, 15, '2023-02-03', 'Siang'),
(676, 16, '2023-02-03', 'Malam'),
(677, 17, '2023-02-03', 'Siang'),
(678, 18, '2023-02-03', 'Malam'),
(679, 19, '2023-02-03', 'Siang'),
(680, 20, '2023-02-03', 'Malam'),
(681, 1, '2023-02-04', 'Siang'),
(682, 2, '2023-02-04', 'Siang'),
(683, 3, '2023-02-04', 'Malam'),
(684, 4, '2023-02-04', 'Malam'),
(685, 5, '2023-02-04', 'Malam'),
(686, 6, '2023-02-04', 'Malam'),
(687, 7, '2023-02-04', 'Malam'),
(688, 8, '2023-02-04', 'Malam'),
(689, 9, '2023-02-04', 'Siang'),
(690, 10, '2023-02-04', 'Siang'),
(691, 11, '2023-02-04', 'Siang'),
(692, 12, '2023-02-04', 'Siang'),
(693, 13, '2023-02-04', 'Malam'),
(694, 14, '2023-02-04', 'Siang'),
(695, 15, '2023-02-04', 'Siang'),
(696, 16, '2023-02-04', 'Malam'),
(697, 17, '2023-02-04', 'Malam'),
(698, 18, '2023-02-04', 'Siang'),
(699, 19, '2023-02-04', 'Malam'),
(700, 20, '2023-02-04', 'Siang'),
(701, 1, '2023-02-05', 'Siang'),
(702, 2, '2023-02-05', 'Siang'),
(703, 3, '2023-02-05', 'Malam'),
(704, 4, '2023-02-05', 'Siang'),
(705, 5, '2023-02-05', 'Malam'),
(706, 6, '2023-02-05', 'Siang'),
(707, 7, '2023-02-05', 'Malam'),
(708, 8, '2023-02-05', 'Malam'),
(709, 9, '2023-02-05', 'Malam'),
(710, 10, '2023-02-05', 'Malam'),
(711, 11, '2023-02-05', 'Siang'),
(712, 12, '2023-02-05', 'Siang'),
(713, 13, '2023-02-05', 'Siang'),
(714, 14, '2023-02-05', 'Malam'),
(715, 15, '2023-02-05', 'Siang'),
(716, 16, '2023-02-05', 'Siang'),
(717, 17, '2023-02-05', 'Siang'),
(718, 18, '2023-02-05', 'Malam'),
(719, 19, '2023-02-05', 'Malam'),
(720, 20, '2023-02-05', 'Malam'),
(721, 1, '2023-02-06', 'Siang'),
(722, 2, '2023-02-06', 'Siang'),
(723, 3, '2023-02-06', 'Malam'),
(724, 4, '2023-02-06', 'Malam'),
(725, 5, '2023-02-06', 'Malam'),
(726, 6, '2023-02-06', 'Siang'),
(727, 7, '2023-02-06', 'Siang'),
(728, 8, '2023-02-06', 'Siang'),
(729, 9, '2023-02-06', 'Siang'),
(730, 10, '2023-02-06', 'Malam'),
(731, 11, '2023-02-06', 'Siang'),
(732, 12, '2023-02-06', 'Malam'),
(733, 13, '2023-02-06', 'Malam'),
(734, 14, '2023-02-06', 'Siang'),
(735, 15, '2023-02-06', 'Siang'),
(736, 16, '2023-02-06', 'Siang'),
(737, 17, '2023-02-06', 'Malam'),
(738, 18, '2023-02-06', 'Malam'),
(739, 19, '2023-02-06', 'Malam'),
(740, 20, '2023-02-06', 'Malam'),
(741, 1, '2023-02-07', 'Malam'),
(742, 2, '2023-02-07', 'Siang'),
(743, 3, '2023-02-07', 'Malam'),
(744, 4, '2023-02-07', 'Malam'),
(745, 5, '2023-02-07', 'Siang'),
(746, 6, '2023-02-07', 'Malam'),
(747, 7, '2023-02-07', 'Siang'),
(748, 8, '2023-02-07', 'Malam'),
(749, 9, '2023-02-07', 'Malam'),
(750, 10, '2023-02-07', 'Siang'),
(751, 11, '2023-02-07', 'Siang'),
(752, 12, '2023-02-07', 'Siang'),
(753, 13, '2023-02-07', 'Malam'),
(754, 14, '2023-02-07', 'Siang'),
(755, 15, '2023-02-07', 'Malam'),
(756, 16, '2023-02-07', 'Malam'),
(757, 17, '2023-02-07', 'Siang'),
(758, 18, '2023-02-07', 'Siang'),
(759, 19, '2023-02-07', 'Malam'),
(760, 20, '2023-02-07', 'Siang'),
(761, 1, '2023-02-08', 'Malam'),
(762, 2, '2023-02-08', 'Siang'),
(763, 3, '2023-02-08', 'Malam'),
(764, 4, '2023-02-08', 'Malam'),
(765, 5, '2023-02-08', 'Malam'),
(766, 6, '2023-02-08', 'Malam'),
(767, 7, '2023-02-08', 'Malam'),
(768, 8, '2023-02-08', 'Siang'),
(769, 9, '2023-02-08', 'Siang'),
(770, 10, '2023-02-08', 'Malam'),
(771, 11, '2023-02-08', 'Siang'),
(772, 12, '2023-02-08', 'Malam'),
(773, 13, '2023-02-08', 'Siang'),
(774, 14, '2023-02-08', 'Malam'),
(775, 15, '2023-02-08', 'Siang'),
(776, 16, '2023-02-08', 'Siang'),
(777, 17, '2023-02-08', 'Siang'),
(778, 18, '2023-02-08', 'Siang'),
(779, 19, '2023-02-08', 'Malam'),
(780, 20, '2023-02-08', 'Siang'),
(781, 1, '2023-02-09', 'Malam'),
(782, 2, '2023-02-09', 'Siang'),
(783, 3, '2023-02-09', 'Siang'),
(784, 4, '2023-02-09', 'Malam'),
(785, 5, '2023-02-09', 'Siang'),
(786, 6, '2023-02-09', 'Malam'),
(787, 7, '2023-02-09', 'Malam'),
(788, 8, '2023-02-09', 'Siang'),
(789, 9, '2023-02-09', 'Malam'),
(790, 10, '2023-02-09', 'Malam'),
(791, 11, '2023-02-09', 'Malam'),
(792, 12, '2023-02-09', 'Siang'),
(793, 13, '2023-02-09', 'Siang'),
(794, 14, '2023-02-09', 'Malam'),
(795, 15, '2023-02-09', 'Siang'),
(796, 16, '2023-02-09', 'Malam'),
(797, 17, '2023-02-09', 'Siang'),
(798, 18, '2023-02-09', 'Siang'),
(799, 19, '2023-02-09', 'Malam'),
(800, 20, '2023-02-09', 'Siang'),
(801, 1, '2023-02-10', 'Siang'),
(802, 2, '2023-02-10', 'Siang'),
(803, 3, '2023-02-10', 'Siang'),
(804, 4, '2023-02-10', 'Siang'),
(805, 5, '2023-02-10', 'Siang'),
(806, 6, '2023-02-10', 'Malam'),
(807, 7, '2023-02-10', 'Siang'),
(808, 8, '2023-02-10', 'Siang'),
(809, 9, '2023-02-10', 'Malam'),
(810, 10, '2023-02-10', 'Malam'),
(811, 11, '2023-02-10', 'Malam'),
(812, 12, '2023-02-10', 'Malam'),
(813, 13, '2023-02-10', 'Malam'),
(814, 14, '2023-02-10', 'Siang'),
(815, 15, '2023-02-10', 'Siang'),
(816, 16, '2023-02-10', 'Malam'),
(817, 17, '2023-02-10', 'Malam'),
(818, 18, '2023-02-10', 'Siang'),
(819, 19, '2023-02-10', 'Malam'),
(820, 20, '2023-02-10', 'Malam'),
(821, 1, '2023-02-11', 'Malam'),
(822, 2, '2023-02-11', 'Malam'),
(823, 3, '2023-02-11', 'Malam'),
(824, 4, '2023-02-11', 'Siang'),
(825, 5, '2023-02-11', 'Siang'),
(826, 6, '2023-02-11', 'Malam'),
(827, 7, '2023-02-11', 'Siang'),
(828, 8, '2023-02-11', 'Malam'),
(829, 9, '2023-02-11', 'Siang'),
(830, 10, '2023-02-11', 'Siang'),
(831, 11, '2023-02-11', 'Malam'),
(832, 12, '2023-02-11', 'Malam'),
(833, 13, '2023-02-11', 'Siang'),
(834, 14, '2023-02-11', 'Malam'),
(835, 15, '2023-02-11', 'Siang'),
(836, 16, '2023-02-11', 'Siang'),
(837, 17, '2023-02-11', 'Malam'),
(838, 18, '2023-02-11', 'Siang'),
(839, 19, '2023-02-11', 'Siang'),
(840, 20, '2023-02-11', 'Malam'),
(841, 1, '2023-02-12', 'Malam'),
(842, 2, '2023-02-12', 'Malam'),
(843, 3, '2023-02-12', 'Malam'),
(844, 4, '2023-02-12', 'Siang'),
(845, 5, '2023-02-12', 'Siang'),
(846, 6, '2023-02-12', 'Malam'),
(847, 7, '2023-02-12', 'Siang'),
(848, 8, '2023-02-12', 'Malam'),
(849, 9, '2023-02-12', 'Siang'),
(850, 10, '2023-02-12', 'Malam'),
(851, 11, '2023-02-12', 'Malam'),
(852, 12, '2023-02-12', 'Siang'),
(853, 13, '2023-02-12', 'Siang'),
(854, 14, '2023-02-12', 'Malam'),
(855, 15, '2023-02-12', 'Siang'),
(856, 16, '2023-02-12', 'Siang'),
(857, 17, '2023-02-12', 'Malam'),
(858, 18, '2023-02-12', 'Siang'),
(859, 19, '2023-02-12', 'Malam'),
(860, 20, '2023-02-12', 'Siang'),
(861, 1, '2023-02-13', 'Malam'),
(862, 2, '2023-02-13', 'Siang'),
(863, 3, '2023-02-13', 'Malam'),
(864, 4, '2023-02-13', 'Siang'),
(865, 5, '2023-02-13', 'Malam'),
(866, 6, '2023-02-13', 'Malam'),
(867, 7, '2023-02-13', 'Malam'),
(868, 8, '2023-02-13', 'Siang'),
(869, 9, '2023-02-13', 'Malam'),
(870, 10, '2023-02-13', 'Siang'),
(871, 11, '2023-02-13', 'Malam'),
(872, 12, '2023-02-13', 'Siang'),
(873, 13, '2023-02-13', 'Siang'),
(874, 14, '2023-02-13', 'Siang'),
(875, 15, '2023-02-13', 'Malam'),
(876, 16, '2023-02-13', 'Siang'),
(877, 17, '2023-02-13', 'Malam'),
(878, 18, '2023-02-13', 'Siang'),
(879, 19, '2023-02-13', 'Malam'),
(880, 20, '2023-02-13', 'Siang'),
(881, 1, '2023-02-14', 'Siang'),
(882, 2, '2023-02-14', 'Malam'),
(883, 3, '2023-02-14', 'Siang'),
(884, 4, '2023-02-14', 'Malam'),
(885, 5, '2023-02-14', 'Malam'),
(886, 6, '2023-02-14', 'Siang'),
(887, 7, '2023-02-14', 'Malam'),
(888, 8, '2023-02-14', 'Siang'),
(889, 9, '2023-02-14', 'Malam'),
(890, 10, '2023-02-14', 'Siang'),
(891, 11, '2023-02-14', 'Siang'),
(892, 12, '2023-02-14', 'Siang'),
(893, 13, '2023-02-14', 'Siang'),
(894, 14, '2023-02-14', 'Siang'),
(895, 15, '2023-02-14', 'Malam'),
(896, 16, '2023-02-14', 'Malam'),
(897, 17, '2023-02-14', 'Malam'),
(898, 18, '2023-02-14', 'Siang'),
(899, 19, '2023-02-14', 'Malam'),
(900, 20, '2023-02-14', 'Malam'),
(901, 1, '2023-02-15', 'Malam'),
(902, 2, '2023-02-15', 'Siang'),
(903, 3, '2023-02-15', 'Malam'),
(904, 4, '2023-02-15', 'Malam'),
(905, 5, '2023-02-15', 'Malam'),
(906, 6, '2023-02-15', 'Siang'),
(907, 7, '2023-02-15', 'Siang'),
(908, 8, '2023-02-15', 'Siang'),
(909, 9, '2023-02-15', 'Malam'),
(910, 10, '2023-02-15', 'Siang'),
(911, 11, '2023-02-15', 'Malam'),
(912, 12, '2023-02-15', 'Siang'),
(913, 13, '2023-02-15', 'Siang'),
(914, 14, '2023-02-15', 'Siang'),
(915, 15, '2023-02-15', 'Malam'),
(916, 16, '2023-02-15', 'Malam'),
(917, 17, '2023-02-15', 'Siang'),
(918, 18, '2023-02-15', 'Siang'),
(919, 19, '2023-02-15', 'Malam'),
(920, 20, '2023-02-15', 'Malam'),
(921, 1, '2023-02-16', 'Malam'),
(922, 2, '2023-02-16', 'Siang'),
(923, 3, '2023-02-16', 'Siang'),
(924, 4, '2023-02-16', 'Malam'),
(925, 5, '2023-02-16', 'Malam'),
(926, 6, '2023-02-16', 'Siang'),
(927, 7, '2023-02-16', 'Malam'),
(928, 8, '2023-02-16', 'Siang'),
(929, 9, '2023-02-16', 'Malam'),
(930, 10, '2023-02-16', 'Malam'),
(931, 11, '2023-02-16', 'Siang'),
(932, 12, '2023-02-16', 'Siang'),
(933, 13, '2023-02-16', 'Malam'),
(934, 14, '2023-02-16', 'Siang'),
(935, 15, '2023-02-16', 'Malam'),
(936, 16, '2023-02-16', 'Siang'),
(937, 17, '2023-02-16', 'Siang'),
(938, 18, '2023-02-16', 'Malam'),
(939, 19, '2023-02-16', 'Siang'),
(940, 20, '2023-02-16', 'Malam'),
(941, 1, '2023-02-17', 'Siang'),
(942, 2, '2023-02-17', 'Siang'),
(943, 3, '2023-02-17', 'Siang'),
(944, 4, '2023-02-17', 'Malam'),
(945, 5, '2023-02-17', 'Malam'),
(946, 6, '2023-02-17', 'Siang'),
(947, 7, '2023-02-17', 'Siang'),
(948, 8, '2023-02-17', 'Malam'),
(949, 9, '2023-02-17', 'Siang'),
(950, 10, '2023-02-17', 'Siang'),
(951, 11, '2023-02-17', 'Siang'),
(952, 12, '2023-02-17', 'Malam'),
(953, 13, '2023-02-17', 'Siang'),
(954, 14, '2023-02-17', 'Malam'),
(955, 15, '2023-02-17', 'Malam'),
(956, 16, '2023-02-17', 'Siang'),
(957, 17, '2023-02-17', 'Malam'),
(958, 18, '2023-02-17', 'Malam'),
(959, 19, '2023-02-17', 'Malam'),
(960, 20, '2023-02-17', 'Malam'),
(961, 1, '2023-02-18', 'Malam'),
(962, 2, '2023-02-18', 'Siang'),
(963, 3, '2023-02-18', 'Siang'),
(964, 4, '2023-02-18', 'Malam'),
(965, 5, '2023-02-18', 'Siang'),
(966, 6, '2023-02-18', 'Siang'),
(967, 7, '2023-02-18', 'Malam'),
(968, 8, '2023-02-18', 'Siang'),
(969, 9, '2023-02-18', 'Malam'),
(970, 10, '2023-02-18', 'Siang'),
(971, 11, '2023-02-18', 'Malam'),
(972, 12, '2023-02-18', 'Siang'),
(973, 13, '2023-02-18', 'Malam'),
(974, 14, '2023-02-18', 'Siang'),
(975, 15, '2023-02-18', 'Siang'),
(976, 16, '2023-02-18', 'Malam'),
(977, 17, '2023-02-18', 'Malam'),
(978, 18, '2023-02-18', 'Malam'),
(979, 19, '2023-02-18', 'Siang'),
(980, 20, '2023-02-18', 'Malam'),
(981, 1, '2023-02-19', 'Malam'),
(982, 2, '2023-02-19', 'Malam'),
(983, 3, '2023-02-19', 'Malam'),
(984, 4, '2023-02-19', 'Siang'),
(985, 5, '2023-02-19', 'Siang'),
(986, 6, '2023-02-19', 'Malam'),
(987, 7, '2023-02-19', 'Siang'),
(988, 8, '2023-02-19', 'Siang'),
(989, 9, '2023-02-19', 'Malam'),
(990, 10, '2023-02-19', 'Siang'),
(991, 11, '2023-02-19', 'Malam'),
(992, 12, '2023-02-19', 'Siang'),
(993, 13, '2023-02-19', 'Siang'),
(994, 14, '2023-02-19', 'Siang'),
(995, 15, '2023-02-19', 'Siang'),
(996, 16, '2023-02-19', 'Malam'),
(997, 17, '2023-02-19', 'Malam'),
(998, 18, '2023-02-19', 'Malam'),
(999, 19, '2023-02-19', 'Siang'),
(1000, 20, '2023-02-19', 'Malam'),
(1001, 1, '2023-02-20', 'Malam'),
(1002, 2, '2023-02-20', 'Siang'),
(1003, 3, '2023-02-20', 'Siang'),
(1004, 4, '2023-02-20', 'Siang'),
(1005, 5, '2023-02-20', 'Malam'),
(1006, 6, '2023-02-20', 'Siang'),
(1007, 7, '2023-02-20', 'Siang'),
(1008, 8, '2023-02-20', 'Malam'),
(1009, 9, '2023-02-20', 'Siang'),
(1010, 10, '2023-02-20', 'Malam'),
(1011, 11, '2023-02-20', 'Siang'),
(1012, 12, '2023-02-20', 'Malam'),
(1013, 13, '2023-02-20', 'Malam'),
(1014, 14, '2023-02-20', 'Malam'),
(1015, 15, '2023-02-20', 'Malam'),
(1016, 16, '2023-02-20', 'Malam'),
(1017, 17, '2023-02-20', 'Siang'),
(1018, 18, '2023-02-20', 'Siang'),
(1019, 19, '2023-02-20', 'Siang'),
(1020, 20, '2023-02-20', 'Malam'),
(1021, 1, '2023-02-21', 'Malam'),
(1022, 2, '2023-02-21', 'Malam'),
(1023, 3, '2023-02-21', 'Malam'),
(1024, 4, '2023-02-21', 'Siang'),
(1025, 5, '2023-02-21', 'Malam'),
(1026, 6, '2023-02-21', 'Malam'),
(1027, 7, '2023-02-21', 'Malam'),
(1028, 8, '2023-02-21', 'Siang'),
(1029, 9, '2023-02-21', 'Malam'),
(1030, 10, '2023-02-21', 'Siang'),
(1031, 11, '2023-02-21', 'Siang'),
(1032, 12, '2023-02-21', 'Malam'),
(1033, 13, '2023-02-21', 'Siang'),
(1034, 14, '2023-02-21', 'Malam'),
(1035, 15, '2023-02-21', 'Siang'),
(1036, 16, '2023-02-21', 'Siang'),
(1037, 17, '2023-02-21', 'Siang'),
(1038, 18, '2023-02-21', 'Malam'),
(1039, 19, '2023-02-21', 'Siang'),
(1040, 20, '2023-02-21', 'Siang'),
(1041, 1, '2023-02-22', 'Siang'),
(1042, 2, '2023-02-22', 'Malam'),
(1043, 3, '2023-02-22', 'Siang'),
(1044, 4, '2023-02-22', 'Siang'),
(1045, 5, '2023-02-22', 'Malam'),
(1046, 6, '2023-02-22', 'Malam'),
(1047, 7, '2023-02-22', 'Malam'),
(1048, 8, '2023-02-22', 'Malam'),
(1049, 9, '2023-02-22', 'Siang'),
(1050, 10, '2023-02-22', 'Siang'),
(1051, 11, '2023-02-22', 'Malam'),
(1052, 12, '2023-02-22', 'Malam'),
(1053, 13, '2023-02-22', 'Siang'),
(1054, 14, '2023-02-22', 'Malam'),
(1055, 15, '2023-02-22', 'Malam'),
(1056, 16, '2023-02-22', 'Siang'),
(1057, 17, '2023-02-22', 'Siang'),
(1058, 18, '2023-02-22', 'Malam'),
(1059, 19, '2023-02-22', 'Siang'),
(1060, 20, '2023-02-22', 'Siang'),
(1061, 1, '2023-02-23', 'Malam'),
(1062, 2, '2023-02-23', 'Malam'),
(1063, 3, '2023-02-23', 'Malam'),
(1064, 4, '2023-02-23', 'Siang'),
(1065, 5, '2023-02-23', 'Siang'),
(1066, 6, '2023-02-23', 'Siang'),
(1067, 7, '2023-02-23', 'Malam'),
(1068, 8, '2023-02-23', 'Malam'),
(1069, 9, '2023-02-23', 'Siang'),
(1070, 10, '2023-02-23', 'Siang'),
(1071, 11, '2023-02-23', 'Malam'),
(1072, 12, '2023-02-23', 'Malam'),
(1073, 13, '2023-02-23', 'Siang'),
(1074, 14, '2023-02-23', 'Malam'),
(1075, 15, '2023-02-23', 'Siang'),
(1076, 16, '2023-02-23', 'Malam'),
(1077, 17, '2023-02-23', 'Siang'),
(1078, 18, '2023-02-23', 'Siang'),
(1079, 19, '2023-02-23', 'Siang'),
(1080, 20, '2023-02-23', 'Malam'),
(1081, 1, '2023-02-24', 'Malam'),
(1082, 2, '2023-02-24', 'Malam'),
(1083, 3, '2023-02-24', 'Siang'),
(1084, 4, '2023-02-24', 'Siang'),
(1085, 5, '2023-02-24', 'Siang'),
(1086, 6, '2023-02-24', 'Siang'),
(1087, 7, '2023-02-24', 'Siang'),
(1088, 8, '2023-02-24', 'Siang'),
(1089, 9, '2023-02-24', 'Siang'),
(1090, 10, '2023-02-24', 'Malam'),
(1091, 11, '2023-02-24', 'Malam'),
(1092, 12, '2023-02-24', 'Malam'),
(1093, 13, '2023-02-24', 'Siang'),
(1094, 14, '2023-02-24', 'Malam'),
(1095, 15, '2023-02-24', 'Malam'),
(1096, 16, '2023-02-24', 'Siang'),
(1097, 17, '2023-02-24', 'Malam'),
(1098, 18, '2023-02-24', 'Malam'),
(1099, 19, '2023-02-24', 'Malam'),
(1100, 20, '2023-02-24', 'Siang'),
(1101, 1, '2023-02-25', 'Siang'),
(1102, 2, '2023-02-25', 'Siang'),
(1103, 3, '2023-02-25', 'Malam'),
(1104, 4, '2023-02-25', 'Malam'),
(1105, 5, '2023-02-25', 'Siang'),
(1106, 6, '2023-02-25', 'Malam'),
(1107, 7, '2023-02-25', 'Siang'),
(1108, 8, '2023-02-25', 'Siang'),
(1109, 9, '2023-02-25', 'Malam'),
(1110, 10, '2023-02-25', 'Siang'),
(1111, 11, '2023-02-25', 'Malam'),
(1112, 12, '2023-02-25', 'Siang'),
(1113, 13, '2023-02-25', 'Siang'),
(1114, 14, '2023-02-25', 'Malam'),
(1115, 15, '2023-02-25', 'Siang'),
(1116, 16, '2023-02-25', 'Siang'),
(1117, 17, '2023-02-25', 'Malam'),
(1118, 18, '2023-02-25', 'Malam'),
(1119, 19, '2023-02-25', 'Malam'),
(1120, 20, '2023-02-25', 'Malam'),
(1121, 1, '2023-02-26', 'Malam'),
(1122, 2, '2023-02-26', 'Malam'),
(1123, 3, '2023-02-26', 'Malam'),
(1124, 4, '2023-02-26', 'Malam'),
(1125, 5, '2023-02-26', 'Siang'),
(1126, 6, '2023-02-26', 'Siang'),
(1127, 7, '2023-02-26', 'Siang'),
(1128, 8, '2023-02-26', 'Malam'),
(1129, 9, '2023-02-26', 'Malam'),
(1130, 10, '2023-02-26', 'Siang'),
(1131, 11, '2023-02-26', 'Siang'),
(1132, 12, '2023-02-26', 'Malam'),
(1133, 13, '2023-02-26', 'Malam'),
(1134, 14, '2023-02-26', 'Siang'),
(1135, 15, '2023-02-26', 'Malam'),
(1136, 16, '2023-02-26', 'Siang'),
(1137, 17, '2023-02-26', 'Siang'),
(1138, 18, '2023-02-26', 'Siang'),
(1139, 19, '2023-02-26', 'Malam'),
(1140, 20, '2023-02-26', 'Siang'),
(1141, 1, '2023-02-27', 'Siang'),
(1142, 2, '2023-02-27', 'Malam'),
(1143, 3, '2023-02-27', 'Siang'),
(1144, 4, '2023-02-27', 'Siang'),
(1145, 5, '2023-02-27', 'Malam'),
(1146, 6, '2023-02-27', 'Siang'),
(1147, 7, '2023-02-27', 'Malam'),
(1148, 8, '2023-02-27', 'Siang'),
(1149, 9, '2023-02-27', 'Siang'),
(1150, 10, '2023-02-27', 'Siang'),
(1151, 11, '2023-02-27', 'Malam'),
(1152, 12, '2023-02-27', 'Malam'),
(1153, 13, '2023-02-27', 'Malam'),
(1154, 14, '2023-02-27', 'Malam'),
(1155, 15, '2023-02-27', 'Siang'),
(1156, 16, '2023-02-27', 'Siang'),
(1157, 17, '2023-02-27', 'Siang'),
(1158, 18, '2023-02-27', 'Malam'),
(1159, 19, '2023-02-27', 'Malam'),
(1160, 20, '2023-02-27', 'Malam'),
(1161, 1, '2023-02-28', 'Malam'),
(1162, 2, '2023-02-28', 'Siang'),
(1163, 3, '2023-02-28', 'Siang'),
(1164, 4, '2023-02-28', 'Malam'),
(1165, 5, '2023-02-28', 'Malam'),
(1166, 6, '2023-02-28', 'Malam'),
(1167, 7, '2023-02-28', 'Malam'),
(1168, 8, '2023-02-28', 'Siang'),
(1169, 9, '2023-02-28', 'Malam'),
(1170, 10, '2023-02-28', 'Malam'),
(1171, 11, '2023-02-28', 'Malam'),
(1172, 12, '2023-02-28', 'Siang'),
(1173, 13, '2023-02-28', 'Siang'),
(1174, 14, '2023-02-28', 'Malam'),
(1175, 15, '2023-02-28', 'Siang'),
(1176, 16, '2023-02-28', 'Siang'),
(1177, 17, '2023-02-28', 'Siang'),
(1178, 18, '2023-02-28', 'Siang'),
(1179, 19, '2023-02-28', 'Siang'),
(1180, 20, '2023-02-28', 'Malam'),
(1181, 1, '2023-03-01', 'Siang'),
(1182, 2, '2023-03-01', 'Siang'),
(1183, 3, '2023-03-01', 'Malam'),
(1184, 4, '2023-03-01', 'Siang'),
(1185, 5, '2023-03-01', 'Malam'),
(1186, 6, '2023-03-01', 'Siang'),
(1187, 7, '2023-03-01', 'Malam'),
(1188, 8, '2023-03-01', 'Malam'),
(1189, 9, '2023-03-01', 'Malam'),
(1190, 10, '2023-03-01', 'Siang'),
(1191, 11, '2023-03-01', 'Siang'),
(1192, 12, '2023-03-01', 'Malam'),
(1193, 13, '2023-03-01', 'Siang'),
(1194, 14, '2023-03-01', 'Siang'),
(1195, 15, '2023-03-01', 'Malam'),
(1196, 16, '2023-03-01', 'Malam'),
(1197, 17, '2023-03-01', 'Siang'),
(1198, 18, '2023-03-01', 'Malam'),
(1199, 19, '2023-03-01', 'Siang'),
(1200, 20, '2023-03-01', 'Malam'),
(1201, 1, '2023-03-02', 'Malam'),
(1202, 2, '2023-03-02', 'Siang'),
(1203, 3, '2023-03-02', 'Siang'),
(1204, 4, '2023-03-02', 'Siang'),
(1205, 5, '2023-03-02', 'Malam'),
(1206, 6, '2023-03-02', 'Siang'),
(1207, 7, '2023-03-02', 'Siang'),
(1208, 8, '2023-03-02', 'Malam'),
(1209, 9, '2023-03-02', 'Siang'),
(1210, 10, '2023-03-02', 'Siang'),
(1211, 11, '2023-03-02', 'Malam'),
(1212, 12, '2023-03-02', 'Siang'),
(1213, 13, '2023-03-02', 'Malam'),
(1214, 14, '2023-03-02', 'Siang'),
(1215, 15, '2023-03-02', 'Malam'),
(1216, 16, '2023-03-02', 'Malam'),
(1217, 17, '2023-03-02', 'Malam'),
(1218, 18, '2023-03-02', 'Malam'),
(1219, 19, '2023-03-02', 'Malam'),
(1220, 20, '2023-03-02', 'Siang'),
(1221, 1, '2023-03-03', 'Siang'),
(1222, 2, '2023-03-03', 'Siang'),
(1223, 3, '2023-03-03', 'Siang'),
(1224, 4, '2023-03-03', 'Siang'),
(1225, 5, '2023-03-03', 'Siang'),
(1226, 6, '2023-03-03', 'Malam'),
(1227, 7, '2023-03-03', 'Siang'),
(1228, 8, '2023-03-03', 'Siang'),
(1229, 9, '2023-03-03', 'Malam'),
(1230, 10, '2023-03-03', 'Malam'),
(1231, 11, '2023-03-03', 'Malam'),
(1232, 12, '2023-03-03', 'Siang'),
(1233, 13, '2023-03-03', 'Malam'),
(1234, 14, '2023-03-03', 'Malam'),
(1235, 15, '2023-03-03', 'Malam'),
(1236, 16, '2023-03-03', 'Malam'),
(1237, 17, '2023-03-03', 'Siang'),
(1238, 18, '2023-03-03', 'Malam'),
(1239, 19, '2023-03-03', 'Malam'),
(1240, 20, '2023-03-03', 'Siang');

-- --------------------------------------------------------

--
-- Table structure for table `tb_kategori`
--

CREATE TABLE `tb_kategori` (
  `id_kategori` int(11) NOT NULL,
  `nama_kategori` varchar(255) NOT NULL
) ENGINE=InnoDB DEFAULT CHARSET=utf8mb4;

--
-- Dumping data for table `tb_kategori`
--

INSERT INTO `tb_kategori` (`id_kategori`, `nama_kategori`) VALUES
(1, 'Fiksi'),
(2, 'Non Fiksi'),
(3, 'Anak-Anak'),
(4, 'Agama'),
(5, 'Seni dan Budaya'),
(6, 'Komik'),
(7, 'Masakan'),
(8, 'Olahraga'),
(9, 'Bisnis dan Keuangan'),
(10, 'Teknologi'),
(11, 'Sains'),
(12, 'Horor'),
(13, 'Sejarah'),
(14, 'Politik dan Sosial'),
(15, 'Hobi dan Keterampilan');

-- --------------------------------------------------------

--
-- Table structure for table `tb_mesin`
--

CREATE TABLE `tb_mesin` (
  `id_mesin` int(11) NOT NULL,
  `nama_mesin` varchar(255) NOT NULL
) ENGINE=InnoDB DEFAULT CHARSET=utf8mb4;

--
-- Dumping data for table `tb_mesin`
--

INSERT INTO `tb_mesin` (`id_mesin`, `nama_mesin`) VALUES
(1, 'Grey_724'),
(2, 'Yellow_887'),
(3, 'Pink_163'),
(4, 'Magenta_146'),
(5, 'Olive_641'),
(6, 'Pink_407'),
(7, 'Teal_342'),
(8, 'Orchid_130'),
(9, 'Turquoise_331'),
(10, 'Black_809'),
(11, 'White_648'),
(12, 'Ivory_802'),
(13, 'Silver_142'),
(14, 'Sky blue_408'),
(15, 'Olive_869'),
(16, 'Turquoise_460'),
(17, 'Ivory_237'),
(18, 'Mint green_532'),
(19, 'Red_530'),
(20, 'Magenta_137');

-- --------------------------------------------------------

--
-- Table structure for table `tb_pegawai`
--

CREATE TABLE `tb_pegawai` (
  `id_pegawai` int(11) NOT NULL,
  `nama_pegawai` varchar(255) NOT NULL,
  `alamat` varchar(255) NOT NULL,
  `no_telp` varchar(12) NOT NULL
) ENGINE=InnoDB DEFAULT CHARSET=utf8mb4;

--
-- Dumping data for table `tb_pegawai`
--

INSERT INTO `tb_pegawai` (`id_pegawai`, `nama_pegawai`, `alamat`, `no_telp`) VALUES
(1, 'Yulia Saputri', 'Ki. Luettgen no 57, Bima', '088622181976'),
(2, 'Jelita Novitasari S.E.', 'Dk. Walter no 4, Sinjai', '087568847816'),
(3, 'Bakiadi Hakim', 'Jln. Moen no 3, Demak', '080049530810'),
(4, 'Dartono Sitorus S.Gz', 'Ds. Barrows no 1, Takalar', '087547397200'),
(5, 'Suci Mayasari', 'Psr. Anne no 99, Mataram', '084338858114'),
(6, 'Raharja Darmawan', 'Ki. Armstrong no 4, Klungkung', '089892624069'),
(7, 'Tari Yuliarti', 'Psr. Stracke no 0, Madiun', '080486073173'),
(8, 'Nrima Hermawan', 'Psr. Dennis no 0, Banyuwangi', '083436092560'),
(9, 'Jefri Nugroho', 'Ds. Audrey no 51, Sinjai', '086417254786'),
(10, 'Akarsana Suwarno', 'Ki. Emard no 0, Jepara', '085996444184'),
(11, 'Narji Hardiansyah S.Psi', 'Kpg. Earl no 8, Temanggung', '085606881327'),
(12, 'Tsabita Agustina S.Kom', 'Ki. Watsica no 92, Kwandang', '082122398467'),
(13, 'Harsaya Perdana', 'Gg. Kertzmann no 94, Subang', '083825156993'),
(14, 'Ellis Nasyiah', 'Jln. Emard no 2, Bogor', '088348331932'),
(15, 'Dasa Uwais', 'Dk. Kris no 0, Labuhan Bajo', '089326441701'),
(16, 'Asirwada Sirait', 'Kpg. Kuhn no 3, Bandung', '081158812614'),
(17, 'Maryanto Tarihoran', 'Jln. Jast no 27, Tomohon', '081601371129'),
(18, 'Titin Maheswari', 'Ki. Dylan no 6, Bantaeng', '083542887414'),
(19, 'Paris Wastuti', 'Dk. Hartmann no 1, Mbay', '088225266217'),
(20, 'Eka Firmansyah M.Farm', 'Kpg. Simone no 8, Purbalingga', '083169913148');

-- --------------------------------------------------------

--
-- Table structure for table `tb_pengiriman`
--

CREATE TABLE `tb_pengiriman` (
  `id_pengiriman` int(11) NOT NULL,
  `tujuan` varchar(255) NOT NULL,
  `waktu_pengiriman` date NOT NULL,
  `waktu_diterima` date DEFAULT NULL,
  `ongkir` int(11) NOT NULL
) ENGINE=InnoDB DEFAULT CHARSET=utf8mb4;

--
-- Dumping data for table `tb_pengiriman`
--

INSERT INTO `tb_pengiriman` (`id_pengiriman`, `tujuan`, `waktu_pengiriman`, `waktu_diterima`, `ongkir`) VALUES
(1, 'Ki. Zulauf no 5, Tigaraksa', '2023-01-01', '2023-01-05', 36000),
(2, 'Ki. Deja no 86, Bau-Bau', '2023-01-02', '2023-01-08', 27000),
(3, 'Jln. Toy no 2, Tigaraksa', '2023-01-03', '2023-01-06', 13000),
(4, 'Jr. Schaden no 5, Cikampek', '2023-01-04', '2023-01-10', 24000),
(5, 'Psr. Davonte no 6, Donggala', '2023-01-05', '2023-01-11', 31000),
(6, 'Gg. Buckridge no 1, Gresik', '2023-01-06', '2023-01-11', 41000),
(7, 'Ki. Prohaska no 37, Ponorogo', '2023-01-07', '2023-01-11', 13000),
(8, 'Ki. Estelle no 44, Probolinggo', '2023-01-08', '2023-01-11', 28000),
(9, 'Ds. Mallie no 60, Pare-Pare', '2023-01-09', '2023-01-12', 26000),
(10, 'Jln. Lucie no 9, Kalabahi', '2023-01-10', '2023-01-17', 13000),
(11, 'Kpg. Chesley no 6, Probolinggo', '2023-01-11', '2023-01-14', 46000),
(12, 'Dk. Leannon no 86, Bantaeng', '2023-01-12', '2023-01-19', 36000),
(13, 'Ki. Lucie no 4, Tanjung', '2023-01-13', '2023-01-18', 31000),
(14, 'Jr. Yost no 62, Bungku', '2023-01-14', '2023-01-18', 21000),
(15, 'Jr. Curt no 4, Sukabumi', '2023-01-15', '2023-01-19', 26000),
(16, 'Jr. Gislason no 6, Melonguane', '2023-01-16', '2023-01-23', 10000),
(17, 'Ki. Natalie no 6, Andolo', '2023-01-17', '2023-01-21', 42000),
(18, 'Jr. Jeremie no 33, Soe', '2023-01-18', '2023-01-23', 44000),
(19, 'Jr. Veum no 8, Tegal', '2023-01-19', '2023-01-26', 27000),
(20, 'Jln. Rosendo no 22, Tulungagung', '2023-01-20', '2023-01-25', 49000),
(21, 'Gg. Heathcote no 81, Toli Toli', '2023-01-21', '2023-01-26', 12000),
(22, 'Gg. Jeffery no 0, Bau-Bau', '2023-01-22', '2023-01-25', 26000),
(23, 'Jln. Layla no 08, Jombang', '2023-01-23', '2023-01-28', 43000),
(24, 'Kpg. Anne no 2, Caruban', '2023-01-24', '2023-01-29', 39000),
(25, 'Psr. Jacey no 90, Pare', '2023-01-25', '2023-01-31', 33000),
(26, 'Jr. Anastasia no 3, Pandeglang', '2023-01-26', '2023-01-30', 39000),
(27, 'Kpg. Alysson no 0, Rangkasbitung', '2023-01-27', '2023-01-31', 24000),
(28, 'Jln. Althea no 21, Sragen', '2023-01-28', '2023-01-31', 33000),
(29, 'Jr. Ryan no 35, Pare-Pare', '2023-01-29', '2023-02-01', 35000),
(30, 'Ds. Freida no 65, Negara,Bali', '2023-01-30', '2023-02-01', 46000),
(31, 'Dk. Maggio no 70, Indramayu', '2023-01-31', '2023-02-03', 36000),
(32, 'Jln. Johnson no 1, Watan Soppeng', '2023-02-01', '2023-02-08', 46000),
(33, 'Psr. Gusikowski no 25, Majene', '2023-02-02', '2023-02-07', 16000),
(34, 'Kpg. Madaline no 57, Rantepao', '2023-02-03', '2023-02-06', 19000),
(35, 'Dk. Tillman no 86, Surakarta', '2023-02-04', '2023-02-11', 14000),
(36, 'Gg. Helena no 3, Tilamuta', '2023-02-05', '2023-02-10', 16000),
(37, 'Kpg. Kassulke no 31, Sunggu Minasa', '2023-02-06', '2023-02-13', 48000),
(38, 'Kpg. Nitzsche no 81, Brebes', '2023-02-07', '2023-02-14', 19000),
(39, 'Gg. Murray no 01, Wonosobo', '2023-02-08', '2023-02-12', 21000),
(40, 'Dk. Brant no 6, Bangli', '2023-02-09', '2023-02-14', 30000),
(41, 'Gg. King no 96, Airmadidi', '2023-02-10', '2023-02-13', 29000),
(42, 'Jr. Allan no 98, Sampang', '2023-02-11', '2023-02-15', 48000),
(43, 'Gg. Ena no 2, Polewali', '2023-02-12', '2023-02-16', 48000),
(44, 'Gg. Weber no 25, Kwandang', '2023-02-13', '2023-02-16', 33000),
(45, 'Ds. Kemmer no 35, Madiun', '2023-02-14', '2023-02-21', 48000),
(46, 'Psr. Shaun no 1, Singaraja', '2023-02-15', '2023-02-18', 44000),
(47, 'Ki. Christelle no 3, Kupang', '2023-02-16', '2023-02-21', 49000),
(48, 'Psr. Kian no 61, Sukoharjo', '2023-02-17', '2023-02-22', 14000),
(49, 'Gg. Alfonso no 80, Bangil', '2023-02-18', '2023-02-22', 32000),
(50, 'Dk. Madonna no 38, Garut', '2023-02-19', '2023-02-26', 35000);

-- --------------------------------------------------------

--
-- Table structure for table `tb_produksi`
--

CREATE TABLE `tb_produksi` (
  `id_produksi` int(11) NOT NULL,
  `id_mesin` int(11) NOT NULL,
  `id_pegawai` int(11) NOT NULL,
  `tgl_produksi` date NOT NULL,
  `modal` int(11) NOT NULL
) ENGINE=InnoDB DEFAULT CHARSET=utf8mb4;

--
-- Dumping data for table `tb_produksi`
--

INSERT INTO `tb_produksi` (`id_produksi`, `id_mesin`, `id_pegawai`, `tgl_produksi`, `modal`) VALUES
(1, 13, 11, '2023-01-01', 38500),
(2, 4, 12, '2023-01-02', 30000),
(3, 15, 10, '2023-01-03', 42500),
(4, 18, 2, '2023-01-04', 40000),
(5, 3, 12, '2023-01-05', 32000),
(6, 15, 15, '2023-01-06', 39500),
(7, 19, 2, '2023-01-07', 34500),
(8, 19, 2, '2023-01-08', 31000),
(9, 16, 13, '2023-01-09', 42500),
(10, 13, 16, '2023-01-10', 36000),
(11, 9, 9, '2023-01-11', 29500),
(12, 19, 4, '2023-01-12', 26000),
(13, 7, 15, '2023-01-13', 34500),
(14, 19, 9, '2023-01-14', 40000),
(15, 7, 3, '2023-01-15', 37500),
(16, 19, 15, '2023-01-16', 38500),
(17, 14, 13, '2023-01-17', 32000),
(18, 10, 9, '2023-01-18', 35000),
(19, 6, 18, '2023-01-19', 37500),
(20, 17, 12, '2023-01-20', 27500),
(21, 10, 3, '2023-01-21', 31000),
(22, 13, 9, '2023-01-22', 25000),
(23, 6, 12, '2023-01-23', 27500),
(24, 14, 4, '2023-01-24', 55000),
(25, 1, 20, '2023-01-25', 28500),
(26, 2, 14, '2023-01-26', 25000),
(27, 9, 6, '2023-01-27', 40000),
(28, 7, 19, '2023-01-28', 32500),
(29, 6, 17, '2023-01-29', 26000),
(30, 10, 11, '2023-01-30', 39500),
(31, 19, 9, '2023-01-31', 46000),
(32, 2, 4, '2023-02-01', 37000),
(33, 4, 2, '2023-02-02', 33500),
(34, 7, 11, '2023-02-03', 31000),
(35, 7, 1, '2023-02-04', 26000),
(36, 8, 4, '2023-02-05', 40000),
(37, 5, 3, '2023-02-06', 26000),
(38, 7, 16, '2023-02-07', 46000),
(39, 11, 3, '2023-02-08', 31000),
(40, 9, 7, '2023-02-09', 27500),
(41, 2, 15, '2023-02-10', 42500),
(42, 11, 9, '2023-02-11', 31000),
(43, 4, 10, '2023-02-12', 27500),
(44, 1, 1, '2023-02-13', 29500),
(45, 1, 15, '2023-02-14', 27500),
(46, 6, 18, '2023-02-15', 31000),
(47, 17, 7, '2023-02-16', 27500),
(48, 1, 15, '2023-02-17', 28500),
(49, 17, 5, '2023-02-18', 30000),
(50, 19, 19, '2023-02-19', 22500);

-- --------------------------------------------------------

--
-- Table structure for table `tb_toko`
--

CREATE TABLE `tb_toko` (
  `id_toko` int(11) NOT NULL,
  `nama_toko` varchar(255) NOT NULL,
  `alamat` varchar(255) NOT NULL,
  `no_telp` varchar(12) NOT NULL
) ENGINE=InnoDB DEFAULT CHARSET=utf8mb4;

--
-- Dumping data for table `tb_toko`
--

INSERT INTO `tb_toko` (`id_toko`, `nama_toko`, `alamat`, `no_telp`) VALUES
(1, 'Vapid Mill', 'Dk. Keeling no 3, Amurang', '088436573727'),
(2, 'Essential Removal', 'Ds. Tess no 2, Gorontalo', '086695457589'),
(3, 'Celebrated Premise', 'Psr. Marisa no 3, Depok', '085122386985'),
(4, 'Stimulating Preoccupation', 'Gg. Gerda no 0, Soe', '081415367695'),
(5, 'Nonstop Racism', 'Gg. Rowe no 7, Kuningan', '085553946573'),
(6, 'Well Informed Tankful', 'Psr. Turner no 15, Boyolali', '089868167482'),
(7, 'Overjoyed Stumbling', 'Psr. Samantha no 8, Kotamobagu', '087669452739'),
(8, 'Rosy Snap', 'Psr. Hortense no 3, Kuningan', '083621288712'),
(9, 'Wry Picturesque', 'Jln. Bernhard no 20, Purwodadi', '088166688919'),
(10, 'Faithful Increase', 'Dk. Abbott no 43, Pati', '085243390192'),
(11, 'Reckless Lending', 'Psr. Hailie no 79, Larantuka', '084944564690'),
(12, 'Fancy Tepee', 'Gg. Stracke no 97, Wonogiri', '084159711115'),
(13, 'Obese Turning', 'Psr. Murphy no 7, Suwawa', '086802191997'),
(14, 'Harmless Epee', 'Jln. Hamill no 27, Labuhan Bajo', '080383807003'),
(15, 'Official Trousers', 'Psr. Bruen no 3, Ngamprah', '083551984687'),
(16, 'Upset Linseed', 'Jln. Kemmer no 2, Karanganyar', '088135679661'),
(17, 'Terrible Minion', 'Ki. Klocko no 6, Malang', '080875267141'),
(18, 'Tinted Pile', 'Gg. Altenwerth no 2, Kwandang', '088311643240'),
(19, 'Double Need', 'Jln. Veum no 22, Wonogiri', '088874765886'),
(20, 'Terrific Junk', 'Dk. Bradtke no 0, Serang', '085651879600');

-- --------------------------------------------------------

--
-- Table structure for table `tb_transaksi_bahan_baku`
--

CREATE TABLE `tb_transaksi_bahan_baku` (
  `id_transaksi_bahan_baku` int(11) NOT NULL,
  `id_distributor` int(11) NOT NULL,
  `total_harga` int(11) NOT NULL,
  `tanggal` date NOT NULL
) ENGINE=InnoDB DEFAULT CHARSET=utf8mb4;

--
-- Dumping data for table `tb_transaksi_bahan_baku`
--

INSERT INTO `tb_transaksi_bahan_baku` (`id_transaksi_bahan_baku`, `id_distributor`, `total_harga`, `tanggal`) VALUES
(1, 11, 120000, '2022-12-11'),
(2, 19, 120000, '2022-12-30'),
(3, 15, 120000, '2022-12-14'),
(4, 1, 145000, '2022-12-04'),
(5, 6, 45000, '2022-12-21'),
(6, 3, 90000, '2022-12-30'),
(7, 2, 95000, '2022-12-10'),
(8, 20, 120000, '2022-12-17'),
(9, 13, 45000, '2022-12-13'),
(10, 14, 70000, '2022-12-12'),
(11, 13, 95000, '2022-12-01'),
(12, 17, 120000, '2022-12-09'),
(13, 8, 55000, '2022-12-01'),
(14, 17, 120000, '2022-12-20'),
(15, 3, 245000, '2022-12-30'),
(16, 9, 55000, '2022-12-21'),
(17, 3, 45000, '2022-12-09'),
(18, 17, 245000, '2022-12-30'),
(19, 15, 90000, '2022-12-14'),
(20, 11, 105000, '2022-12-10'),
(21, 10, 245000, '2022-12-27'),
(22, 8, 170000, '2022-12-27'),
(23, 12, 145000, '2022-12-06'),
(24, 20, 245000, '2022-12-30'),
(25, 13, 55000, '2022-12-12'),
(26, 19, 95000, '2022-12-28'),
(27, 12, 95000, '2022-12-30'),
(28, 19, 70000, '2022-12-27'),
(29, 14, 105000, '2022-12-15'),
(30, 18, 95000, '2022-12-24'),
(31, 2, 95000, '2022-12-21'),
(32, 14, 145000, '2022-12-08'),
(33, 1, 95000, '2022-12-24'),
(34, 8, 95000, '2022-12-22'),
(35, 6, 95000, '2022-12-12'),
(36, 17, 55000, '2022-12-04'),
(37, 3, 95000, '2022-12-16'),
(38, 3, 55000, '2022-12-03'),
(39, 7, 170000, '2022-12-25'),
(40, 10, 120000, '2022-12-21'),
(41, 8, 95000, '2022-12-29'),
(42, 1, 105000, '2022-12-23'),
(43, 18, 95000, '2022-12-20'),
(44, 4, 95000, '2022-12-27'),
(45, 10, 45000, '2022-12-23'),
(46, 15, 120000, '2022-12-08'),
(47, 5, 55000, '2022-12-27'),
(48, 20, 45000, '2022-12-23'),
(49, 11, 70000, '2022-12-30'),
(50, 13, 95000, '2022-12-14');

-- --------------------------------------------------------

--
-- Table structure for table `tb_transaksi_distribusi`
--

CREATE TABLE `tb_transaksi_distribusi` (
  `id_transaksi_distribusi` int(11) NOT NULL,
  `id_admin` int(11) NOT NULL,
  `id_toko` int(11) NOT NULL,
  `id_pengiriman` int(11) NOT NULL,
  `total_harga` int(11) NOT NULL,
  `tgl_transaksi` date NOT NULL
) ENGINE=InnoDB DEFAULT CHARSET=utf8mb4;

--
-- Dumping data for table `tb_transaksi_distribusi`
--

INSERT INTO `tb_transaksi_distribusi` (`id_transaksi_distribusi`, `id_admin`, `id_toko`, `id_pengiriman`, `total_harga`, `tgl_transaksi`) VALUES
(1, 7, 1, 1, 2305000, '2023-01-01'),
(2, 16, 10, 2, 4695000, '2023-01-02'),
(3, 12, 20, 3, 2560000, '2023-01-03'),
(4, 12, 19, 4, 4375000, '2023-01-04'),
(5, 3, 17, 5, 5090000, '2023-01-05'),
(6, 11, 4, 6, 1480000, '2023-01-06'),
(7, 6, 9, 7, 4690000, '2023-01-07'),
(8, 18, 6, 8, 2175000, '2023-01-08'),
(9, 13, 16, 9, 2100000, '2023-01-09'),
(10, 20, 1, 10, 3560000, '2023-01-10'),
(11, 1, 18, 11, 1715000, '2023-01-11'),
(12, 18, 15, 12, 3040000, '2023-01-12'),
(13, 6, 13, 13, 2095000, '2023-01-13'),
(14, 17, 2, 14, 3260000, '2023-01-14'),
(15, 20, 18, 15, 1925000, '2023-01-15'),
(16, 3, 20, 16, 3540000, '2023-01-16'),
(17, 18, 14, 17, 3365000, '2023-01-17'),
(18, 2, 9, 18, 2180000, '2023-01-18'),
(19, 9, 9, 19, 3970000, '2023-01-19'),
(20, 6, 18, 20, 1765000, '2023-01-20'),
(21, 15, 3, 21, 2455000, '2023-01-21'),
(22, 14, 20, 22, 2800000, '2023-01-22'),
(23, 14, 10, 23, 2950000, '2023-01-23'),
(24, 4, 20, 24, 2805000, '2023-01-24'),
(25, 3, 16, 25, 3495000, '2023-01-25'),
(26, 12, 14, 26, 2485000, '2023-01-26'),
(27, 4, 17, 27, 3855000, '2023-01-27'),
(28, 16, 12, 28, 2570000, '2023-01-28'),
(29, 13, 15, 29, 2500000, '2023-01-29'),
(30, 12, 13, 30, 4540000, '2023-01-30'),
(31, 17, 7, 31, 2375000, '2023-01-31'),
(32, 1, 11, 32, 3190000, '2023-02-01'),
(33, 18, 19, 33, 2270000, '2023-02-02'),
(34, 7, 8, 34, 3690000, '2023-02-03'),
(35, 7, 11, 35, 2640000, '2023-02-04'),
(36, 10, 4, 36, 2775000, '2023-02-05'),
(37, 18, 4, 37, 3980000, '2023-02-06'),
(38, 6, 5, 38, 2480000, '2023-02-07'),
(39, 8, 7, 39, 2915000, '2023-02-08'),
(40, 2, 11, 40, 2590000, '2023-02-09'),
(41, 12, 18, 41, 3000000, '2023-02-10'),
(42, 8, 11, 42, 2520000, '2023-02-11'),
(43, 12, 15, 43, 2900000, '2023-02-12'),
(44, 3, 17, 44, 2660000, '2023-02-13'),
(45, 19, 9, 45, 2175000, '2023-02-14'),
(46, 18, 19, 46, 2420000, '2023-02-15'),
(47, 1, 17, 47, 2510000, '2023-02-16'),
(48, 8, 19, 48, 4780000, '2023-02-17'),
(49, 10, 16, 49, 3820000, '2023-02-18'),
(50, 7, 13, 50, 2595000, '2023-02-19');

--
-- Indexes for dumped tables
--

--
-- Indexes for table `tb_admin`
--
ALTER TABLE `tb_admin`
  ADD PRIMARY KEY (`id_admin`);

--
-- Indexes for table `tb_bahan_baku`
--
ALTER TABLE `tb_bahan_baku`
  ADD PRIMARY KEY (`id_bahan_baku`);

--
-- Indexes for table `tb_buku`
--
ALTER TABLE `tb_buku`
  ADD PRIMARY KEY (`id_buku`),
  ADD KEY `id_produksi` (`id_produksi`),
  ADD KEY `id_kategori` (`id_kategori`);

--
-- Indexes for table `tb_detail_bahan_baku`
--
ALTER TABLE `tb_detail_bahan_baku`
  ADD PRIMARY KEY (`id_detail_bahan_baku`),
  ADD KEY `id_bahan_baku` (`id_bahan_baku`),
  ADD KEY `id_produksi` (`id_produksi`);

--
-- Indexes for table `tb_detail_transaksi_bahan_baku`
--
ALTER TABLE `tb_detail_transaksi_bahan_baku`
  ADD PRIMARY KEY (`id_detail_transaksi_bahan_baku`),
  ADD KEY `id_transaksi_bahan_baku` (`id_transaksi_bahan_baku`),
  ADD KEY `id_bahan_baku` (`id_bahan_baku`);

--
-- Indexes for table `tb_detail_transaksi_distribusi`
--
ALTER TABLE `tb_detail_transaksi_distribusi`
  ADD PRIMARY KEY (`id_detail_transaksi_distribusi`),
  ADD KEY `id_buku` (`id_buku`),
  ADD KEY `id_transaksi_distribusi` (`id_transaksi_distribusi`);

--
-- Indexes for table `tb_distributor`
--
ALTER TABLE `tb_distributor`
  ADD PRIMARY KEY (`id_distributor`);

--
-- Indexes for table `tb_jadwal_mesin`
--
ALTER TABLE `tb_jadwal_mesin`
  ADD PRIMARY KEY (`id_jadwal_mesin`),
  ADD KEY `id_mesin` (`id_mesin`);

--
-- Indexes for table `tb_jadwal_pegawai`
--
ALTER TABLE `tb_jadwal_pegawai`
  ADD PRIMARY KEY (`id_jadwal_pegawai`),
  ADD KEY `id_pegawai` (`id_pegawai`);

--
-- Indexes for table `tb_kategori`
--
ALTER TABLE `tb_kategori`
  ADD PRIMARY KEY (`id_kategori`);

--
-- Indexes for table `tb_mesin`
--
ALTER TABLE `tb_mesin`
  ADD PRIMARY KEY (`id_mesin`);

--
-- Indexes for table `tb_pegawai`
--
ALTER TABLE `tb_pegawai`
  ADD PRIMARY KEY (`id_pegawai`);

--
-- Indexes for table `tb_pengiriman`
--
ALTER TABLE `tb_pengiriman`
  ADD PRIMARY KEY (`id_pengiriman`);

--
-- Indexes for table `tb_produksi`
--
ALTER TABLE `tb_produksi`
  ADD PRIMARY KEY (`id_produksi`),
  ADD KEY `id_mesin` (`id_mesin`),
  ADD KEY `id_pegawai` (`id_pegawai`);

--
-- Indexes for table `tb_toko`
--
ALTER TABLE `tb_toko`
  ADD PRIMARY KEY (`id_toko`);

--
-- Indexes for table `tb_transaksi_bahan_baku`
--
ALTER TABLE `tb_transaksi_bahan_baku`
  ADD PRIMARY KEY (`id_transaksi_bahan_baku`),
  ADD KEY `id_distributor` (`id_distributor`);

--
-- Indexes for table `tb_transaksi_distribusi`
--
ALTER TABLE `tb_transaksi_distribusi`
  ADD PRIMARY KEY (`id_transaksi_distribusi`),
  ADD KEY `id_admin` (`id_admin`),
  ADD KEY `id_toko` (`id_toko`),
  ADD KEY `id_pengiriman` (`id_pengiriman`);

--
-- AUTO_INCREMENT for dumped tables
--

--
-- AUTO_INCREMENT for table `tb_admin`
--
ALTER TABLE `tb_admin`
  MODIFY `id_admin` int(11) NOT NULL AUTO_INCREMENT, AUTO_INCREMENT=21;

--
-- AUTO_INCREMENT for table `tb_bahan_baku`
--
ALTER TABLE `tb_bahan_baku`
  MODIFY `id_bahan_baku` int(11) NOT NULL AUTO_INCREMENT, AUTO_INCREMENT=16;

--
-- AUTO_INCREMENT for table `tb_buku`
--
ALTER TABLE `tb_buku`
  MODIFY `id_buku` int(11) NOT NULL AUTO_INCREMENT, AUTO_INCREMENT=51;

--
-- AUTO_INCREMENT for table `tb_detail_bahan_baku`
--
ALTER TABLE `tb_detail_bahan_baku`
  MODIFY `id_detail_bahan_baku` int(11) NOT NULL AUTO_INCREMENT, AUTO_INCREMENT=151;

--
-- AUTO_INCREMENT for table `tb_detail_transaksi_bahan_baku`
--
ALTER TABLE `tb_detail_transaksi_bahan_baku`
  MODIFY `id_detail_transaksi_bahan_baku` int(11) NOT NULL AUTO_INCREMENT, AUTO_INCREMENT=51;

--
-- AUTO_INCREMENT for table `tb_detail_transaksi_distribusi`
--
ALTER TABLE `tb_detail_transaksi_distribusi`
  MODIFY `id_detail_transaksi_distribusi` int(11) NOT NULL AUTO_INCREMENT, AUTO_INCREMENT=151;

--
-- AUTO_INCREMENT for table `tb_distributor`
--
ALTER TABLE `tb_distributor`
  MODIFY `id_distributor` int(11) NOT NULL AUTO_INCREMENT, AUTO_INCREMENT=21;

--
-- AUTO_INCREMENT for table `tb_jadwal_mesin`
--
ALTER TABLE `tb_jadwal_mesin`
  MODIFY `id_jadwal_mesin` int(11) NOT NULL AUTO_INCREMENT, AUTO_INCREMENT=1241;

--
-- AUTO_INCREMENT for table `tb_jadwal_pegawai`
--
ALTER TABLE `tb_jadwal_pegawai`
  MODIFY `id_jadwal_pegawai` int(11) NOT NULL AUTO_INCREMENT, AUTO_INCREMENT=1241;

--
-- AUTO_INCREMENT for table `tb_kategori`
--
ALTER TABLE `tb_kategori`
  MODIFY `id_kategori` int(11) NOT NULL AUTO_INCREMENT, AUTO_INCREMENT=16;

--
-- AUTO_INCREMENT for table `tb_mesin`
--
ALTER TABLE `tb_mesin`
  MODIFY `id_mesin` int(11) NOT NULL AUTO_INCREMENT, AUTO_INCREMENT=21;

--
-- AUTO_INCREMENT for table `tb_pegawai`
--
ALTER TABLE `tb_pegawai`
  MODIFY `id_pegawai` int(11) NOT NULL AUTO_INCREMENT, AUTO_INCREMENT=21;

--
-- AUTO_INCREMENT for table `tb_pengiriman`
--
ALTER TABLE `tb_pengiriman`
  MODIFY `id_pengiriman` int(11) NOT NULL AUTO_INCREMENT, AUTO_INCREMENT=51;

--
-- AUTO_INCREMENT for table `tb_produksi`
--
ALTER TABLE `tb_produksi`
  MODIFY `id_produksi` int(11) NOT NULL AUTO_INCREMENT, AUTO_INCREMENT=51;

--
-- AUTO_INCREMENT for table `tb_toko`
--
ALTER TABLE `tb_toko`
  MODIFY `id_toko` int(11) NOT NULL AUTO_INCREMENT, AUTO_INCREMENT=21;

--
-- AUTO_INCREMENT for table `tb_transaksi_bahan_baku`
--
ALTER TABLE `tb_transaksi_bahan_baku`
  MODIFY `id_transaksi_bahan_baku` int(11) NOT NULL AUTO_INCREMENT, AUTO_INCREMENT=51;

--
-- AUTO_INCREMENT for table `tb_transaksi_distribusi`
--
ALTER TABLE `tb_transaksi_distribusi`
  MODIFY `id_transaksi_distribusi` int(11) NOT NULL AUTO_INCREMENT, AUTO_INCREMENT=51;

--
-- Constraints for dumped tables
--

--
-- Constraints for table `tb_buku`
--
ALTER TABLE `tb_buku`
  ADD CONSTRAINT `tb_buku_ibfk_1` FOREIGN KEY (`id_produksi`) REFERENCES `tb_produksi` (`id_produksi`),
  ADD CONSTRAINT `tb_buku_ibfk_2` FOREIGN KEY (`id_kategori`) REFERENCES `tb_kategori` (`id_kategori`);

--
-- Constraints for table `tb_detail_bahan_baku`
--
ALTER TABLE `tb_detail_bahan_baku`
  ADD CONSTRAINT `tb_detail_bahan_baku_ibfk_1` FOREIGN KEY (`id_bahan_baku`) REFERENCES `tb_bahan_baku` (`id_bahan_baku`),
  ADD CONSTRAINT `tb_detail_bahan_baku_ibfk_2` FOREIGN KEY (`id_produksi`) REFERENCES `tb_produksi` (`id_produksi`);

--
-- Constraints for table `tb_detail_transaksi_bahan_baku`
--
ALTER TABLE `tb_detail_transaksi_bahan_baku`
  ADD CONSTRAINT `tb_detail_transaksi_bahan_baku_ibfk_1` FOREIGN KEY (`id_transaksi_bahan_baku`) REFERENCES `tb_transaksi_bahan_baku` (`id_transaksi_bahan_baku`),
  ADD CONSTRAINT `tb_detail_transaksi_bahan_baku_ibfk_2` FOREIGN KEY (`id_bahan_baku`) REFERENCES `tb_bahan_baku` (`id_bahan_baku`);

--
-- Constraints for table `tb_detail_transaksi_distribusi`
--
ALTER TABLE `tb_detail_transaksi_distribusi`
  ADD CONSTRAINT `tb_detail_transaksi_distribusi_ibfk_1` FOREIGN KEY (`id_buku`) REFERENCES `tb_buku` (`id_buku`),
  ADD CONSTRAINT `tb_detail_transaksi_distribusi_ibfk_2` FOREIGN KEY (`id_transaksi_distribusi`) REFERENCES `tb_transaksi_distribusi` (`id_transaksi_distribusi`);

--
-- Constraints for table `tb_jadwal_mesin`
--
ALTER TABLE `tb_jadwal_mesin`
  ADD CONSTRAINT `tb_jadwal_mesin_ibfk_1` FOREIGN KEY (`id_mesin`) REFERENCES `tb_mesin` (`id_mesin`);

--
-- Constraints for table `tb_jadwal_pegawai`
--
ALTER TABLE `tb_jadwal_pegawai`
  ADD CONSTRAINT `tb_jadwal_pegawai_ibfk_1` FOREIGN KEY (`id_pegawai`) REFERENCES `tb_pegawai` (`id_pegawai`);

--
-- Constraints for table `tb_produksi`
--
ALTER TABLE `tb_produksi`
  ADD CONSTRAINT `tb_produksi_ibfk_1` FOREIGN KEY (`id_mesin`) REFERENCES `tb_mesin` (`id_mesin`),
  ADD CONSTRAINT `tb_produksi_ibfk_2` FOREIGN KEY (`id_pegawai`) REFERENCES `tb_pegawai` (`id_pegawai`);

--
-- Constraints for table `tb_transaksi_bahan_baku`
--
ALTER TABLE `tb_transaksi_bahan_baku`
  ADD CONSTRAINT `tb_transaksi_bahan_baku_ibfk_1` FOREIGN KEY (`id_distributor`) REFERENCES `tb_distributor` (`id_distributor`);

--
-- Constraints for table `tb_transaksi_distribusi`
--
ALTER TABLE `tb_transaksi_distribusi`
  ADD CONSTRAINT `tb_transaksi_distribusi_ibfk_1` FOREIGN KEY (`id_admin`) REFERENCES `tb_admin` (`id_admin`),
  ADD CONSTRAINT `tb_transaksi_distribusi_ibfk_2` FOREIGN KEY (`id_toko`) REFERENCES `tb_toko` (`id_toko`),
  ADD CONSTRAINT `tb_transaksi_distribusi_ibfk_3` FOREIGN KEY (`id_pengiriman`) REFERENCES `tb_pengiriman` (`id_pengiriman`);
COMMIT;

/*!40101 SET CHARACTER_SET_CLIENT=@OLD_CHARACTER_SET_CLIENT */;
/*!40101 SET CHARACTER_SET_RESULTS=@OLD_CHARACTER_SET_RESULTS */;
/*!40101 SET COLLATION_CONNECTION=@OLD_COLLATION_CONNECTION */;
